employee_id,first_name,last_name,gender,department,role,location,birth_date,hire_date
1,Charles,Mayo,Male,Support,Support Engineer,Mumbai,1998-01-09,2022-07-25
2,Justin,Duncan,Non-binary,Sales,Account Manager,Bangalore,1966-02-08,2017-05-13
3,Andrea,Vasquez,Male,HR,HR Manager,Pune,1983-11-12,2018-11-04
4,Frank,Greene,Female,Product,Product Manager,Bangalore,1965-03-25,2023-12-14
5,Jeffrey,Estrada,Male,Marketing,SEO Specialist,Pune,1976-10-17,2015-04-17
6,David,Palmer,Non-binary,Support,Support Engineer,Mumbai,1995-10-05,2019-07-31
7,Wanda,Love,Male,HR,HR Executive,Bangalore,1985-10-25,2019-01-06
8,Kara,Kelley,Male,Finance,Finance Manager,Hyderabad,2001-07-23,2024-09-15
9,Pamela,Flowers,Female,Sales,Account Manager,Bangalore,1982-10-13,2018-09-08
10,Melissa,Jordan,Non-binary,Finance,Finance Manager,Bangalore,1980-01-01,2017-06-30
11,Zachary,Harris,Non-binary,Finance,Accountant,Mumbai,1968-07-31,2015-04-16
12,Nathaniel,Cole,Female,Sales,Sales Executive,Pune,1982-10-07,2019-03-24
13,Marcus,Anderson,Male,Marketing,SEO Specialist,Bangalore,2001-09-27,2024-08-22
14,Traci,Wilcox,Female,Sales,Account Manager,Chennai,1968-02-28,2024-02-11
15,Nicole,White,Non-binary,HR,HR Manager,Mumbai,1970-02-07,2023-08-01
16,Shannon,Jones,Male,Sales,Sales Executive,Mumbai,1980-05-30,2021-11-08
17,Howard,Mullins,Non-binary,Product,Product Manager,Chennai,1965-02-08,2022-01-22
18,Lindsey,Payne,Non-binary,Finance,Accountant,Mumbai,1969-12-23,2016-08-10
19,Melissa,Anderson,Female,Finance,Accountant,Noida,1997-06-24,2024-02-20
20,Kevin,Gonzalez,Male,Engineering,Software Engineer,Pune,1982-04-27,2021-10-09
21,Patricia,Johnson,Female,Marketing,SEO Specialist,Noida,1967-01-20,2017-06-18
22,George,Shelton,Non-binary,Product,Product Manager,Hyderabad,1969-09-27,2016-11-27
23,Heather,Johnson,Non-binary,Engineering,Software Engineer,Pune,1995-07-28,2017-06-30
24,Susan,Mann,Female,Product,Business Analyst,Pune,1981-10-01,2017-02-13
25,Crystal,Castillo,Female,Engineering,Software Engineer,Chennai,1969-11-09,2016-08-13
26,Tara,Torres,Male,HR,HR Manager,Noida,1999-10-02,2020-07-20
27,Derek,Garrison,Male,Support,Support Engineer,Hyderabad,2003-02-02,2018-06-13
28,Michelle,Rasmussen,Non-binary,Marketing,SEO Specialist,Noida,1978-09-16,2017-02-27
29,Ralph,Peterson,Male,Support,Support Lead,Mumbai,1980-06-29,2024-10-23
30,Toni,Salas,Non-binary,Marketing,SEO Specialist,Chennai,1978-09-08,2024-07-12
31,Kelly,Greene,Non-binary,Support,Support Engineer,Bangalore,1987-08-18,2019-02-20
32,Nathan,Rice,Female,Marketing,Marketing Executive,Bangalore,1996-11-06,2024-05-06
33,Michael,Thompson,Female,Marketing,Marketing Executive,Bangalore,1994-05-11,2021-11-17
34,Darryl,Villegas,Male,HR,HR Manager,Hyderabad,1991-01-25,2024-11-12
35,Nicole,Williamson,Female,Sales,Account Manager,Bangalore,1998-10-11,2018-01-22
36,John,Miller,Male,Sales,Sales Manager,Mumbai,1989-06-30,2019-07-17
37,Leslie,Dorsey,Non-binary,Engineering,Tech Lead,Hyderabad,1981-10-18,2021-01-02
38,Kristen,Mathews,Female,Sales,Sales Executive,Mumbai,1972-07-16,2023-02-07
39,Amber,Campbell,Female,Finance,Finance Manager,Noida,1972-06-30,2022-06-12
40,Tracy,Grimes,Male,Support,Support Lead,Pune,1969-11-26,2019-12-17
41,Jeffrey,Kerr,Non-binary,Finance,Finance Manager,Chennai,1991-12-25,2017-08-07
42,Amy,Dean,Male,Engineering,DevOps,Pune,1989-01-04,2021-05-25
43,James,Morgan,Female,Support,Support Lead,Chennai,1985-04-16,2019-06-07
44,Valerie,Medina,Non-binary,HR,HR Executive,Hyderabad,1976-09-11,2024-11-07
45,Sharon,Sanchez,Male,Product,Product Manager,Pune,1982-11-25,2022-11-14
46,Emma,Green,Non-binary,Marketing,Marketing Executive,Noida,1993-02-22,2015-05-31
47,Diane,Gilbert,Female,Product,Product Manager,Pune,1990-07-16,2022-06-08
48,Matthew,Melton,Non-binary,Sales,Account Manager,Bangalore,1966-12-07,2017-05-10
49,Adam,Carpenter,Female,HR,HR Executive,Hyderabad,1991-07-27,2019-10-10
50,Kevin,Mejia,Non-binary,HR,HR Executive,Bangalore,1992-08-26,2022-12-03
51,Colleen,Craig,Non-binary,Finance,Accountant,Pune,1974-09-27,2019-12-06
52,Amber,Carter,Non-binary,HR,HR Executive,Bangalore,1994-09-11,2019-03-12
53,Paul,Martinez,Non-binary,Sales,Sales Executive,Hyderabad,2000-06-07,2017-10-01
54,Heather,Garcia,Male,Product,Business Analyst,Noida,1980-11-05,2018-12-14
55,Stephanie,Walker,Female,Product,Business Analyst,Noida,1999-04-26,2018-05-01
56,Lindsey,Cardenas,Female,Finance,Finance Manager,Bangalore,1985-04-28,2015-08-30
57,Jessica,Wolf,Non-binary,HR,HR Executive,Pune,1975-10-12,2022-09-15
58,Ashley,Strickland,Female,Engineering,Software Engineer,Pune,1983-09-20,2022-08-14
59,Jose,Sanchez,Non-binary,HR,HR Manager,Noida,1995-12-30,2017-06-10
60,Ryan,Gibson,Non-binary,Sales,Sales Executive,Noida,1973-11-01,2023-12-19
61,Heidi,Gray,Male,Sales,Sales Manager,Mumbai,1968-06-22,2022-11-25
62,Ellen,Wagner,Non-binary,Engineering,Software Engineer,Hyderabad,1977-01-17,2015-04-04
63,Vicki,Lewis,Male,Product,Product Manager,Pune,1967-11-13,2024-04-08
64,Eric,Scott,Female,Sales,Account Manager,Noida,1977-04-07,2018-12-19
65,John,Johnson,Male,HR,HR Executive,Pune,1995-11-08,2015-07-07
66,Jill,Baxter,Male,HR,HR Manager,Mumbai,1964-11-06,2022-04-14
67,Carlos,Kelly,Female,Support,Support Engineer,Pune,2002-04-20,2024-08-13
68,Michael,Davidson,Female,HR,HR Manager,Chennai,1998-11-23,2019-09-11
69,Allison,Miller,Non-binary,Product,Product Manager,Hyderabad,1976-09-25,2016-07-21
70,David,Nelson,Male,Support,Support Lead,Noida,1998-06-28,2023-07-23
71,Pamela,Hayes,Female,Finance,Accountant,Bangalore,1970-02-03,2022-11-16
72,Kathryn,Jones,Male,Finance,Finance Manager,Pune,1978-12-19,2020-01-27
73,Darius,Martin,Male,Finance,Finance Manager,Bangalore,2001-11-27,2016-03-08
74,Karen,Kelly,Male,Engineering,DevOps,Mumbai,1970-02-12,2016-04-03
75,Christian,Pineda,Female,Finance,Accountant,Pune,1981-10-20,2021-08-22
76,Harold,Rodgers,Male,Product,Business Analyst,Hyderabad,1979-06-04,2018-03-22
77,Daniel,Robbins,Female,Product,Business Analyst,Hyderabad,1995-08-18,2016-09-23
78,Patricia,Santos,Female,Marketing,SEO Specialist,Mumbai,2001-03-12,2018-03-13
79,Tony,White,Male,Marketing,SEO Specialist,Chennai,1974-08-29,2017-02-08
80,Ebony,Durham,Non-binary,Product,Business Analyst,Bangalore,1985-05-21,2016-07-16
81,Crystal,Smith,Male,Engineering,Software Engineer,Mumbai,1972-12-30,2022-06-21
82,Andrew,Avery,Non-binary,Finance,Accountant,Hyderabad,1978-08-22,2015-10-27
83,Manuel,Edwards,Male,Marketing,Marketing Executive,Pune,1983-03-10,2019-05-23
84,Melissa,King,Non-binary,Finance,Finance Manager,Bangalore,1977-01-03,2021-07-22
85,Michael,Brennan,Female,Finance,Finance Manager,Hyderabad,1992-02-14,2016-04-21
86,Julia,Graves,Female,Engineering,DevOps,Bangalore,1982-04-26,2024-06-26
87,Aaron,Walker,Non-binary,Marketing,Marketing Executive,Hyderabad,1966-04-17,2019-03-04
88,Kyle,Lewis,Female,Support,Support Engineer,Noida,1966-02-09,2023-07-10
89,Donald,Wood,Male,Product,Business Analyst,Hyderabad,2001-04-28,2015-08-15
90,Gregory,Bridges,Male,Marketing,SEO Specialist,Noida,1993-11-14,2023-05-16
91,Sean,Zhang,Non-binary,HR,HR Executive,Pune,1966-02-01,2022-02-19
92,Lori,Maynard,Non-binary,Support,Support Lead,Noida,1974-01-30,2019-05-31
93,Austin,Robinson,Non-binary,Support,Support Lead,Mumbai,1985-09-06,2020-02-26
94,Louis,White,Male,Finance,Finance Manager,Hyderabad,1984-08-04,2016-01-25
95,Karen,Guzman,Male,Marketing,SEO Specialist,Mumbai,1977-08-07,2020-11-28
96,Leslie,Robinson,Non-binary,Engineering,Senior Engineer,Pune,1983-04-08,2023-09-08
97,Adrienne,Price,Male,HR,HR Executive,Mumbai,1971-06-16,2021-06-17
98,Mariah,Ellis,Female,Engineering,Software Engineer,Noida,1986-09-22,2021-04-17
99,Donna,Harrison,Female,Support,Support Lead,Mumbai,1996-11-13,2019-06-25
100,Amanda,Wilkins,Male,Product,Product Manager,Pune,1992-12-22,2016-07-07
101,Anthony,Delgado,Non-binary,Finance,Accountant,Bangalore,1996-07-12,2022-04-26
102,Ronnie,Smith,Female,Finance,Finance Manager,Mumbai,1989-06-28,2022-04-15
103,Christopher,Clark,Non-binary,Finance,Accountant,Mumbai,1986-03-10,2021-01-30
104,Christina,Daniels,Non-binary,Support,Support Lead,Bangalore,1989-06-06,2015-03-09
105,Nathan,Leach,Non-binary,Engineering,Tech Lead,Pune,1994-01-10,2019-03-17
106,Jennifer,Silva,Male,Support,Support Lead,Pune,1984-02-17,2024-10-07
107,Sarah,Welch,Non-binary,Sales,Account Manager,Bangalore,1978-05-27,2020-04-15
108,Whitney,Ford,Male,Product,Product Manager,Pune,2002-07-06,2015-11-11
109,Oscar,Mccall,Male,Sales,Account Manager,Hyderabad,1966-02-28,2019-03-30
110,Gregory,Solis,Male,Engineering,Software Engineer,Hyderabad,1997-10-30,2018-12-31
111,Veronica,Graves,Male,Product,Business Analyst,Noida,1967-01-05,2021-08-19
112,Anthony,Lewis,Male,Finance,Finance Manager,Noida,2001-06-23,2019-05-24
113,Susan,Tate,Female,Engineering,Senior Engineer,Chennai,1991-03-09,2021-02-16
114,Richard,Ramirez,Female,Engineering,Senior Engineer,Hyderabad,1968-11-04,2016-02-05
115,Frank,Chandler,Female,Sales,Account Manager,Noida,1972-06-16,2018-10-15
116,Andrew,Nelson,Male,Support,Support Lead,Noida,1970-05-15,2019-01-03
117,Christopher,Young,Female,Engineering,Software Engineer,Hyderabad,1973-10-08,2022-11-12
118,Jacob,Cruz,Female,Support,Support Engineer,Chennai,1985-11-23,2015-05-07
119,Kathy,Robbins,Non-binary,Support,Support Engineer,Mumbai,1981-07-08,2023-02-07
120,Paul,Cooper,Female,Finance,Finance Manager,Mumbai,1983-08-11,2017-07-20
121,Michael,Beck,Female,Marketing,Marketing Executive,Bangalore,1991-10-22,2021-09-23
122,Douglas,Bennett,Non-binary,Engineering,Tech Lead,Noida,1984-10-15,2015-09-04
123,Gabriel,Boyd,Non-binary,Support,Support Lead,Hyderabad,1971-09-01,2020-08-23
124,Brittany,Wilkinson,Non-binary,Marketing,Marketing Executive,Chennai,1970-01-26,2017-09-16
125,Parker,Henry,Non-binary,Marketing,Marketing Executive,Noida,1970-06-01,2018-10-02
126,Kyle,Walsh,Female,Product,Product Manager,Noida,1995-10-17,2016-08-25
127,Karen,Peterson,Male,Finance,Accountant,Chennai,1993-08-21,2018-02-16
128,Taylor,Bradley,Male,Engineering,Tech Lead,Pune,2000-01-08,2019-11-15
129,Melinda,Fields,Male,Engineering,DevOps,Noida,1990-10-16,2017-04-21
130,Mark,Garrett,Male,HR,HR Executive,Bangalore,1977-06-21,2017-12-18
131,Daniel,Ryan,Male,Engineering,Tech Lead,Pune,1992-09-15,2017-04-24
132,Erica,Diaz,Male,Support,Support Lead,Bangalore,1987-06-27,2017-05-27
133,Michael,Li,Male,Product,Business Analyst,Chennai,1991-04-19,2022-07-26
134,Linda,Ford,Female,Product,Product Manager,Noida,2001-02-07,2016-06-23
135,Donna,Murray,Non-binary,Support,Support Engineer,Mumbai,1994-11-18,2020-02-23
136,Ryan,Craig,Non-binary,Support,Support Lead,Pune,1964-12-11,2024-05-28
137,Matthew,Pacheco,Non-binary,HR,HR Manager,Noida,1973-07-01,2024-08-25
138,Alfred,Duke,Male,HR,HR Manager,Hyderabad,1984-04-29,2021-08-31
139,Daniel,Colon,Male,Marketing,SEO Specialist,Mumbai,1977-11-08,2015-06-11
140,Tiffany,Ramirez,Non-binary,HR,HR Manager,Mumbai,1979-09-04,2018-10-03
141,Christina,Jones,Male,Support,Support Engineer,Mumbai,1978-05-02,2016-04-05
142,Gina,Campos,Male,Finance,Accountant,Bangalore,1977-04-05,2018-12-02
143,Shane,Harvey,Male,HR,HR Manager,Chennai,1973-11-29,2019-09-18
144,Albert,Olson,Female,Finance,Accountant,Hyderabad,1994-08-30,2018-05-03
145,Claire,Lyons,Non-binary,Finance,Accountant,Noida,1978-01-16,2015-03-10
146,Kathy,Watson,Non-binary,HR,HR Executive,Mumbai,1976-05-09,2015-06-09
147,Matthew,Glenn,Non-binary,Engineering,Tech Lead,Chennai,1980-05-23,2024-02-15
148,Nicholas,Smith,Female,Finance,Finance Manager,Chennai,1972-04-27,2023-08-05
149,Jeffrey,Graham,Male,Product,Product Manager,Noida,2001-11-04,2016-08-07
150,Jennifer,Hernandez,Male,HR,HR Manager,Hyderabad,1969-06-22,2016-06-10
151,Brittney,Evans,Non-binary,Sales,Account Manager,Mumbai,2001-12-02,2021-05-06
152,Robin,Martinez,Non-binary,HR,HR Executive,Noida,1995-07-05,2017-08-04
153,Brian,Powell,Female,Support,Support Lead,Noida,1970-05-16,2023-05-19
154,Michael,Pruitt,Female,HR,HR Manager,Pune,1968-03-05,2020-08-26
155,Michael,Newman,Male,Marketing,SEO Specialist,Pune,1988-01-02,2021-07-19
156,Mark,Cordova,Male,HR,HR Manager,Bangalore,2002-01-04,2019-10-03
157,Russell,Vance,Female,Support,Support Lead,Chennai,2003-06-14,2018-11-03
158,Joseph,Williams,Female,Product,Product Manager,Chennai,1966-09-25,2021-12-31
159,Michelle,Lopez,Non-binary,HR,HR Manager,Hyderabad,1990-11-07,2022-03-02
160,Jon,Rice,Male,Product,Business Analyst,Chennai,1967-11-17,2017-07-31
161,Bobby,Jacobson,Non-binary,Product,Business Analyst,Chennai,1996-12-15,2019-12-02
162,Sandra,Maxwell,Non-binary,Marketing,Marketing Executive,Noida,1981-10-18,2021-06-17
163,Philip,Ortiz,Male,Marketing,SEO Specialist,Mumbai,1976-05-07,2017-12-31
164,Carolyn,Wright,Non-binary,Finance,Finance Manager,Mumbai,1990-09-16,2024-05-12
165,Paige,Taylor,Non-binary,Finance,Finance Manager,Hyderabad,2002-01-30,2024-07-12
166,Kristina,Owens,Male,Product,Business Analyst,Hyderabad,1968-09-11,2021-03-22
167,Tammy,Martinez,Male,HR,HR Manager,Chennai,1994-10-14,2015-09-26
168,Robert,Stevens,Non-binary,HR,HR Manager,Hyderabad,1977-07-16,2020-04-29
169,Zachary,Moreno,Male,Product,Product Manager,Bangalore,1979-10-10,2020-12-15
170,Andrew,Scott,Non-binary,Sales,Sales Executive,Pune,2002-12-28,2020-11-01
171,Nicole,Gamble,Non-binary,Engineering,Software Engineer,Chennai,1967-04-15,2018-01-06
172,Andrew,Cortez,Male,Marketing,SEO Specialist,Mumbai,1978-01-05,2019-11-23
173,Matthew,Walker,Male,Product,Business Analyst,Chennai,1993-12-20,2024-12-26
174,Emily,Martin,Male,Product,Product Manager,Chennai,1998-11-28,2020-04-08
175,Tammy,Roberts,Female,Engineering,Tech Lead,Pune,1983-06-12,2022-07-26
176,Sherri,Morris,Female,Engineering,Software Engineer,Hyderabad,1966-01-18,2021-07-13
177,Todd,Noble,Non-binary,HR,HR Manager,Pune,1991-05-23,2022-11-20
178,Jessica,Greer,Male,Marketing,Marketing Executive,Mumbai,1996-05-11,2020-11-28
179,Tonya,Lopez,Non-binary,Sales,Account Manager,Pune,1996-03-14,2022-11-12
180,James,Cooper,Female,Marketing,Marketing Executive,Pune,1969-08-01,2022-04-26
181,Susan,Bell,Non-binary,Engineering,Senior Engineer,Bangalore,2002-12-03,2019-03-03
182,Justin,Myers,Male,HR,HR Manager,Pune,1982-08-25,2021-07-26
183,Bruce,Wilson,Male,Finance,Finance Manager,Mumbai,1994-07-08,2021-06-26
184,Michael,Snyder,Female,Marketing,Marketing Executive,Noida,1974-09-27,2015-10-13
185,Katie,Watson,Male,Support,Support Engineer,Mumbai,1972-08-04,2020-07-03
186,Eric,Rogers,Male,Support,Support Engineer,Mumbai,1976-01-03,2021-12-26
187,Scott,Baldwin,Non-binary,Marketing,SEO Specialist,Chennai,1977-01-22,2017-10-31
188,Joseph,Rodgers,Non-binary,Engineering,Senior Engineer,Mumbai,2003-07-12,2024-01-07
189,Kevin,Warner,Female,Finance,Accountant,Noida,2002-10-20,2020-11-28
190,Erica,King,Female,Product,Business Analyst,Chennai,2002-04-23,2024-07-25
191,Andrew,Jackson,Female,Engineering,Tech Lead,Mumbai,1997-05-11,2018-04-19
192,Daniel,Harrell,Female,Marketing,SEO Specialist,Bangalore,2000-10-08,2023-01-26
193,Lindsay,Eaton,Male,Sales,Sales Manager,Chennai,1992-08-23,2020-04-29
194,Derek,Carr,Female,Engineering,DevOps,Pune,1972-09-17,2023-05-11
195,Lydia,Gutierrez,Female,Support,Support Lead,Pune,1967-09-05,2016-03-07
196,Douglas,Meza,Non-binary,Marketing,SEO Specialist,Mumbai,1992-09-15,2023-04-09
197,Deborah,Jennings,Non-binary,Product,Product Manager,Bangalore,2001-12-13,2021-06-06
198,Paul,Hines,Male,Support,Support Engineer,Pune,1977-11-03,2018-03-10
199,Michael,Cantu,Male,Finance,Accountant,Chennai,1999-05-05,2018-07-10
200,Raymond,Rose,Non-binary,Engineering,Software Engineer,Pune,2002-12-28,2019-03-21
201,Jesus,Riley,Non-binary,Product,Product Manager,Pune,1999-02-11,2015-07-26
202,Hayden,Mckenzie,Male,Product,Business Analyst,Mumbai,1992-07-15,2016-04-21
203,Cody,Sutton,Male,Product,Product Manager,Pune,1978-09-24,2017-08-02
204,Robert,Farrell,Female,Engineering,Senior Engineer,Bangalore,1966-01-30,2017-03-10
205,David,Hernandez,Non-binary,Marketing,SEO Specialist,Chennai,1979-07-16,2024-12-26
206,Carol,Wilcox,Male,Engineering,DevOps,Bangalore,1983-05-03,2022-10-30
207,Sabrina,Valencia,Male,Finance,Finance Manager,Hyderabad,1979-10-13,2022-05-13
208,Robert,Lawson,Male,Support,Support Engineer,Hyderabad,1997-06-25,2023-09-22
209,Tanner,Clark,Female,Finance,Finance Manager,Bangalore,1969-11-24,2022-06-12
210,Kristen,Castro,Female,Product,Business Analyst,Bangalore,1971-03-06,2024-08-18
211,Michelle,Brown,Male,Support,Support Lead,Pune,1999-07-22,2024-12-01
212,Monica,Ayala,Non-binary,Support,Support Lead,Chennai,1989-01-27,2020-08-16
213,William,Hawkins,Female,Finance,Finance Manager,Mumbai,1970-10-15,2023-06-10
214,Ray,Williams,Non-binary,HR,HR Manager,Pune,1976-03-12,2017-12-24
215,Robin,Scott,Non-binary,Support,Support Engineer,Noida,2003-06-19,2022-06-30
216,Michael,Knight,Female,Sales,Account Manager,Pune,2001-12-07,2020-12-03
217,George,Wilson,Non-binary,Product,Business Analyst,Bangalore,1996-03-27,2022-11-02
218,Joshua,Gallagher,Male,Support,Support Lead,Mumbai,1980-01-27,2018-04-15
219,Christopher,Clarke,Female,Engineering,Software Engineer,Pune,1987-01-20,2016-04-26
220,Melissa,Robinson,Female,Support,Support Engineer,Bangalore,1985-02-26,2019-08-31
221,Kelli,Morrison,Non-binary,Finance,Accountant,Noida,1991-10-09,2021-03-08
222,Jenna,Sandoval,Non-binary,Support,Support Engineer,Pune,1994-07-16,2017-01-08
223,Ashley,Wilson,Female,Support,Support Lead,Bangalore,1981-07-29,2019-02-20
224,Kevin,Barnes,Non-binary,Marketing,Marketing Executive,Bangalore,1976-01-09,2016-06-22
225,Charles,Johnston,Non-binary,Support,Support Lead,Noida,1982-01-08,2021-11-25
226,Holly,Kelly,Non-binary,Product,Product Manager,Pune,1983-10-11,2020-08-17
227,Kelly,Garcia,Non-binary,Sales,Sales Manager,Chennai,1997-07-05,2024-05-02
228,Matthew,Fields,Female,Product,Product Manager,Bangalore,1996-10-18,2020-04-21
229,Billy,Pierce,Female,Marketing,SEO Specialist,Pune,1984-08-05,2016-10-11
230,Samantha,Jackson,Non-binary,Product,Business Analyst,Chennai,1989-06-18,2016-07-09
231,Austin,Gibson,Female,Finance,Accountant,Bangalore,1978-09-08,2015-01-18
232,Steven,Brady,Male,Finance,Accountant,Pune,1976-01-08,2023-04-14
233,Michael,Frey,Male,Marketing,Marketing Executive,Chennai,1975-07-24,2017-09-29
234,Jennifer,Carter,Male,Product,Product Manager,Noida,1975-09-13,2018-07-19
235,Vanessa,Huffman,Female,Marketing,SEO Specialist,Pune,1975-03-27,2017-01-02
236,Tina,Hall,Non-binary,Support,Support Lead,Hyderabad,1987-01-18,2017-04-29
237,James,Frazier,Male,Support,Support Lead,Chennai,1978-07-28,2019-06-01
238,Shawn,Sheppard,Female,Product,Business Analyst,Mumbai,1966-04-13,2020-10-02
239,Wanda,Brown,Male,Engineering,DevOps,Mumbai,1970-09-19,2018-09-19
240,Autumn,Miller,Non-binary,Engineering,DevOps,Hyderabad,1998-04-24,2015-05-22
241,Jacob,Marquez,Male,Support,Support Lead,Bangalore,1969-04-24,2021-11-09
242,Crystal,Edwards,Female,HR,HR Manager,Pune,1992-06-25,2018-09-18
243,Stephanie,Howard,Non-binary,Finance,Finance Manager,Pune,1987-03-12,2020-03-02
244,Courtney,Pollard,Female,Support,Support Lead,Noida,1982-09-01,2020-01-01
245,Taylor,Williamson,Non-binary,Support,Support Engineer,Hyderabad,1991-01-20,2016-01-21
246,Lisa,Hale,Male,Finance,Finance Manager,Pune,1999-03-03,2018-04-25
247,Brandi,Booth,Female,Marketing,SEO Specialist,Chennai,1974-01-28,2024-02-28
248,Daniel,Flores,Non-binary,Engineering,DevOps,Hyderabad,1999-03-11,2023-07-05
249,Allison,Smith,Male,Engineering,Senior Engineer,Chennai,1990-04-07,2015-10-05
250,Casey,Murray,Male,Marketing,Marketing Executive,Pune,1975-10-25,2023-07-20
251,Alicia,Brewer,Male,Support,Support Engineer,Noida,1974-04-23,2021-09-30
252,Michael,Williams,Female,Engineering,Software Engineer,Noida,1980-02-09,2020-12-12
253,Andrea,Aguilar,Female,HR,HR Executive,Bangalore,1970-10-26,2024-09-24
254,Bianca,Bolton,Male,Sales,Sales Executive,Chennai,2002-11-04,2020-03-27
255,Eugene,Walker,Male,Engineering,Tech Lead,Chennai,1991-05-13,2022-07-09
256,Deborah,Morrow,Female,HR,HR Manager,Bangalore,1990-12-15,2024-12-23
257,Emily,Bennett,Non-binary,Finance,Accountant,Chennai,1986-06-10,2015-10-30
258,Brian,Brown,Male,Engineering,Tech Lead,Mumbai,1991-04-13,2020-06-02
259,Aaron,Peterson,Male,Engineering,Software Engineer,Chennai,1970-03-05,2022-04-24
260,Edward,Gomez,Female,Engineering,Software Engineer,Mumbai,1978-03-22,2019-07-20
261,Rebekah,Reed,Male,HR,HR Executive,Pune,1976-11-04,2020-03-19
262,Tracy,Lawson,Female,Marketing,Marketing Executive,Hyderabad,1967-09-01,2018-11-18
263,Steven,Robertson,Female,Engineering,Senior Engineer,Noida,1997-06-18,2020-06-02
264,Kathryn,Figueroa,Male,Product,Product Manager,Noida,1999-01-01,2017-03-17
265,Paul,Ramos,Non-binary,HR,HR Executive,Chennai,1995-06-23,2023-06-10
266,Kim,Cannon,Male,Engineering,DevOps,Pune,1993-04-08,2017-05-07
267,Michael,Taylor,Female,HR,HR Manager,Pune,1972-05-03,2018-09-27
268,Frances,Parker,Non-binary,Finance,Accountant,Chennai,1995-06-13,2024-05-27
269,Alexander,Williams,Non-binary,Finance,Finance Manager,Chennai,1998-12-04,2016-08-11
270,Shaun,Myers,Male,HR,HR Executive,Bangalore,1991-08-19,2015-05-15
271,Justin,Lowe,Female,Marketing,SEO Specialist,Pune,1995-10-12,2019-03-21
272,Jasmine,Myers,Non-binary,Product,Product Manager,Pune,1988-05-30,2024-08-29
273,Dawn,Bryan,Non-binary,Sales,Sales Executive,Noida,1981-12-14,2017-01-16
274,Ronald,Adams,Male,Engineering,Software Engineer,Chennai,2003-05-02,2024-04-15
275,Eric,Carter,Female,Finance,Accountant,Hyderabad,1994-06-10,2023-10-17
276,Dean,Kelly,Male,Marketing,SEO Specialist,Mumbai,1983-02-02,2019-04-22
277,Suzanne,Ware,Non-binary,Product,Business Analyst,Bangalore,1966-06-04,2017-07-19
278,Tyler,Cummings,Male,HR,HR Manager,Mumbai,1965-03-11,2016-02-16
279,Mark,Lee,Male,HR,HR Manager,Mumbai,1988-12-26,2015-04-01
280,John,Barker,Female,Finance,Accountant,Chennai,1996-11-30,2018-04-14
281,Ariana,Russell,Female,Engineering,Software Engineer,Pune,1967-12-08,2024-07-05
282,Stephanie,Lam,Female,Support,Support Engineer,Mumbai,1986-12-12,2022-09-27
283,Aaron,Mitchell,Non-binary,Support,Support Lead,Hyderabad,1994-10-12,2024-10-31
284,Tanya,Gonzalez,Male,HR,HR Manager,Bangalore,1965-01-21,2019-07-20
285,David,Brown,Male,Support,Support Lead,Mumbai,1978-04-19,2018-04-01
286,Richard,Martin,Non-binary,Marketing,SEO Specialist,Bangalore,2002-09-29,2018-08-22
287,Jamie,Thompson,Female,Product,Product Manager,Chennai,1986-11-19,2022-01-22
288,Marie,Kelly,Non-binary,Marketing,Marketing Executive,Chennai,1971-03-13,2019-02-09
289,Lawrence,Diaz,Male,Sales,Sales Executive,Bangalore,1967-08-19,2020-11-22
290,Steven,Randolph,Male,Support,Support Engineer,Noida,1998-01-11,2022-03-27
291,Daniel,Levy,Male,Product,Business Analyst,Noida,2001-09-06,2021-03-21
292,Alexandra,Vazquez,Female,HR,HR Manager,Noida,1995-03-08,2024-08-14
293,Bobby,Jones,Female,Engineering,DevOps,Mumbai,1976-07-03,2019-12-01
294,Brian,Moore,Non-binary,Marketing,SEO Specialist,Mumbai,1999-07-05,2015-12-21
295,Tina,Alvarado,Male,Product,Product Manager,Noida,2002-10-19,2015-01-26
296,Leah,Richmond,Non-binary,Engineering,Tech Lead,Chennai,1965-07-24,2017-09-11
297,Hailey,Jackson,Female,Sales,Sales Executive,Bangalore,1976-09-13,2017-07-19
298,Kathy,Garrett,Male,Product,Business Analyst,Noida,1969-04-03,2020-02-20
299,Kimberly,Graham,Male,Marketing,Marketing Executive,Mumbai,1980-10-29,2018-02-12
300,Gloria,Brown,Male,Product,Product Manager,Hyderabad,1997-04-08,2020-11-03
301,Kevin,Cox,Female,HR,HR Executive,Hyderabad,1972-08-27,2020-03-20
302,Courtney,Fernandez,Female,Product,Business Analyst,Mumbai,1986-12-01,2015-07-25
303,Heather,Davis,Male,Support,Support Lead,Pune,1967-05-19,2023-12-25
304,Allison,Herrera,Non-binary,Support,Support Engineer,Noida,1979-05-21,2021-08-21
305,Joshua,Livingston,Non-binary,Support,Support Engineer,Chennai,1985-07-26,2024-05-27
306,Stephen,Lyons,Male,Sales,Sales Manager,Noida,1969-03-20,2021-08-02
307,Rebecca,Mcguire,Male,Sales,Sales Manager,Mumbai,1974-12-08,2023-10-04
308,Lisa,Hernandez,Female,Product,Product Manager,Pune,1993-10-20,2018-02-05
309,Cynthia,Maddox,Non-binary,HR,HR Manager,Noida,1999-11-26,2023-07-07
310,Mckenzie,Burns,Female,Engineering,DevOps,Pune,1979-07-28,2022-04-22
311,Mark,Rowland,Female,Finance,Finance Manager,Noida,1999-02-01,2024-05-28
312,Jessica,May,Non-binary,Engineering,Software Engineer,Mumbai,2001-02-05,2024-04-17
313,Jeffrey,Schroeder,Non-binary,HR,HR Manager,Chennai,1973-12-05,2020-06-14
314,Regina,Carr,Male,Sales,Sales Manager,Pune,1977-11-24,2018-04-23
315,Tyler,Brown,Non-binary,Engineering,DevOps,Hyderabad,1975-07-27,2024-11-26
316,Colton,Burton,Female,Finance,Finance Manager,Bangalore,1988-12-24,2021-11-14
317,Jennifer,Mullins,Female,Product,Product Manager,Bangalore,1967-08-22,2018-01-11
318,Angela,Alexander,Female,Product,Product Manager,Mumbai,1974-12-23,2024-05-24
319,Michele,Lucas,Male,Engineering,DevOps,Bangalore,1987-02-15,2024-10-22
320,Michelle,Richardson,Male,Finance,Accountant,Pune,1976-09-14,2021-02-15
321,Chelsea,Harvey,Non-binary,Engineering,Senior Engineer,Mumbai,2002-01-06,2023-09-18
322,Ricky,Stevens,Female,Engineering,DevOps,Noida,1967-06-29,2024-10-14
323,Allison,Waters,Non-binary,Engineering,DevOps,Noida,1965-02-09,2017-04-12
324,James,Byrd,Female,Support,Support Engineer,Noida,1989-07-12,2021-01-30
325,David,Pierce,Non-binary,Support,Support Engineer,Hyderabad,1968-01-05,2016-05-07
326,Ryan,Ramirez,Non-binary,Finance,Accountant,Chennai,1974-12-11,2024-11-16
327,Kristen,Henry,Female,HR,HR Executive,Hyderabad,1964-08-19,2016-10-16
328,Michael,Walker,Female,Engineering,DevOps,Hyderabad,1981-01-29,2021-08-28
329,Randy,Anderson,Non-binary,Marketing,SEO Specialist,Chennai,1969-01-23,2017-09-07
330,Victoria,Orozco,Non-binary,Marketing,SEO Specialist,Mumbai,1974-07-30,2022-11-29
331,Amy,Johnson,Non-binary,HR,HR Manager,Bangalore,1995-11-17,2018-06-05
332,Lisa,Hardy,Male,Engineering,DevOps,Noida,1983-03-23,2018-05-08
333,Melinda,Ortiz,Female,Marketing,SEO Specialist,Mumbai,2002-06-22,2024-04-28
334,Juan,Thomas,Non-binary,Finance,Accountant,Chennai,1971-03-22,2015-10-01
335,Miguel,Walker,Female,Product,Product Manager,Noida,2002-04-07,2015-07-20
336,Alan,Smith,Non-binary,Support,Support Lead,Mumbai,1991-10-23,2018-08-15
337,Kristopher,Goodwin,Non-binary,Support,Support Engineer,Chennai,1985-03-12,2022-04-09
338,Tracy,Walker,Female,Support,Support Lead,Bangalore,1990-02-23,2022-02-17
339,Heidi,Mitchell,Male,Support,Support Lead,Bangalore,1992-05-02,2016-06-15
340,Nathaniel,Lowe,Non-binary,Product,Product Manager,Mumbai,2002-08-04,2019-01-25
341,Luke,Patrick,Non-binary,Finance,Finance Manager,Bangalore,1973-03-10,2019-04-25
342,Christopher,Green,Non-binary,Support,Support Lead,Chennai,1988-04-16,2018-07-26
343,Marc,Oliver,Non-binary,Sales,Account Manager,Bangalore,1970-04-10,2019-02-16
344,Andrea,Hinton,Male,Sales,Sales Executive,Hyderabad,1975-12-21,2023-10-20
345,Jasmine,Holloway,Non-binary,Marketing,SEO Specialist,Pune,1999-07-22,2021-05-23
346,David,Allen,Female,Support,Support Lead,Hyderabad,2002-11-19,2024-04-03
347,Susan,Martin,Non-binary,Finance,Accountant,Chennai,1993-11-09,2020-08-14
348,Randall,Walsh,Male,Support,Support Lead,Chennai,1967-12-23,2024-11-16
349,Sarah,Allen,Male,Engineering,Software Engineer,Chennai,1998-06-08,2021-03-20
350,Ashley,Horton,Non-binary,Support,Support Engineer,Mumbai,1985-12-21,2021-02-04
351,Mark,Mercado,Female,Finance,Finance Manager,Mumbai,2001-02-11,2024-09-22
352,David,Martinez,Non-binary,Product,Product Manager,Bangalore,1973-11-28,2024-09-06
353,Brittany,Taylor,Female,Finance,Accountant,Pune,1988-08-28,2020-04-08
354,Connie,Norton,Male,Marketing,SEO Specialist,Chennai,1996-10-23,2021-02-10
355,David,Nguyen,Male,Support,Support Lead,Noida,1993-11-07,2022-02-06
356,James,Thomas,Non-binary,Product,Product Manager,Noida,1973-10-20,2015-01-12
357,Louis,Mendoza,Non-binary,Sales,Account Manager,Pune,1980-07-14,2018-03-17
358,John,Rose,Non-binary,Sales,Account Manager,Hyderabad,1977-12-16,2015-01-28
359,Tiffany,Burch,Male,Marketing,SEO Specialist,Mumbai,1971-05-06,2022-11-03
360,Tiffany,Vasquez,Male,Engineering,Tech Lead,Chennai,1977-02-03,2021-09-10
361,Kelly,Swanson,Male,Finance,Accountant,Chennai,1990-04-17,2015-01-09
362,David,Walker,Male,Support,Support Lead,Noida,1975-09-03,2019-11-19
363,Robert,Summers,Male,Sales,Account Manager,Noida,2001-06-06,2018-02-01
364,Dwayne,Bishop,Male,Sales,Sales Manager,Bangalore,1995-03-21,2021-06-13
365,Matthew,Arnold,Non-binary,Engineering,Software Engineer,Hyderabad,1993-09-18,2017-11-01
366,Tina,Brown,Non-binary,HR,HR Executive,Hyderabad,1984-04-28,2019-12-14
367,Jessica,Wilson,Female,Engineering,Senior Engineer,Pune,1967-06-16,2017-06-18
368,Kevin,Ayala,Non-binary,Marketing,SEO Specialist,Bangalore,1979-07-01,2016-08-17
369,Cynthia,Williams,Non-binary,Sales,Account Manager,Bangalore,1983-07-16,2023-12-09
370,Natasha,Brown,Male,Support,Support Lead,Pune,1983-03-26,2023-04-02
371,Daniel,Wilson,Non-binary,Marketing,Marketing Executive,Mumbai,1964-12-21,2015-05-26
372,Nicole,Harvey,Male,Engineering,Software Engineer,Chennai,1979-02-24,2020-02-25
373,Dustin,Jackson,Male,Product,Product Manager,Noida,1993-12-26,2022-08-10
374,Gabriela,Bates,Non-binary,HR,HR Executive,Chennai,1979-12-03,2017-07-17
375,Garrett,Alvarado,Female,Support,Support Engineer,Pune,1999-03-15,2017-01-23
376,Michael,Lee,Non-binary,Support,Support Engineer,Chennai,1984-08-26,2021-05-12
377,Luis,Cabrera,Female,Product,Business Analyst,Chennai,1989-06-11,2021-10-21
378,Joseph,Howard,Non-binary,Sales,Sales Manager,Chennai,2001-10-06,2015-03-28
379,Tiffany,Salinas,Female,Support,Support Engineer,Mumbai,1977-11-11,2019-11-17
380,Dana,Estrada,Male,Marketing,Marketing Executive,Noida,2002-02-18,2023-03-03
381,Troy,Howard,Non-binary,Product,Business Analyst,Chennai,1969-07-17,2021-09-04
382,James,Meyer,Male,HR,HR Executive,Chennai,2002-07-25,2021-07-27
383,Janet,Webb,Female,HR,HR Manager,Chennai,1991-05-29,2024-12-02
384,Regina,Carey,Female,HR,HR Manager,Pune,2000-07-28,2017-11-10
385,Adrienne,Williams,Female,Product,Business Analyst,Bangalore,1992-01-27,2024-05-18
386,Anita,Doyle,Female,Finance,Accountant,Noida,1968-03-01,2015-10-23
387,Tammy,Harrell,Female,Support,Support Engineer,Noida,1993-01-13,2021-03-25
388,Catherine,Vega,Female,Engineering,Senior Engineer,Hyderabad,1970-02-09,2019-01-20
389,Brittany,Johnson,Male,Sales,Account Manager,Hyderabad,1995-06-18,2019-02-12
390,Michael,Martinez,Non-binary,Product,Product Manager,Bangalore,1984-03-13,2023-03-30
391,Kristie,Robinson,Female,Marketing,SEO Specialist,Pune,1970-10-24,2018-04-12
392,Bridget,Wilkerson,Female,Support,Support Engineer,Bangalore,1996-10-13,2017-04-19
393,Michele,Reyes,Male,Marketing,SEO Specialist,Chennai,1984-04-04,2023-11-07
394,Shannon,Robinson,Female,HR,HR Manager,Hyderabad,1976-07-08,2022-08-28
395,Ethan,Moore,Male,Finance,Finance Manager,Pune,1983-01-05,2023-07-06
396,Mary,Howard,Female,Product,Business Analyst,Hyderabad,1986-12-26,2024-05-15
397,Frederick,Wilkins,Female,Support,Support Engineer,Mumbai,1993-01-10,2023-09-06
398,Crystal,Walls,Non-binary,Support,Support Engineer,Chennai,1988-07-22,2020-01-08
399,Andrea,Hill,Non-binary,Engineering,DevOps,Hyderabad,1982-11-05,2023-07-26
400,Darius,George,Male,Marketing,Marketing Executive,Pune,2000-11-02,2020-11-01
401,Steven,Dixon,Non-binary,Marketing,SEO Specialist,Chennai,1982-11-10,2023-07-01
402,Thomas,Hess,Male,Support,Support Engineer,Pune,1996-01-21,2020-06-05
403,Krista,Mckenzie,Female,Engineering,Software Engineer,Chennai,1993-06-03,2023-06-15
404,Angela,Johnson,Non-binary,Engineering,Software Engineer,Hyderabad,1967-10-15,2017-04-12
405,Donna,Gonzalez,Non-binary,Product,Product Manager,Chennai,1978-03-15,2015-03-28
406,Benjamin,Gonzalez,Male,Product,Product Manager,Noida,1974-03-13,2023-03-01
407,Tina,Joseph,Non-binary,Finance,Accountant,Noida,1989-08-02,2023-04-27
408,Dana,Martin,Female,Finance,Finance Manager,Pune,1981-12-27,2019-04-10
409,Joshua,Dixon,Female,Marketing,SEO Specialist,Mumbai,1972-05-19,2015-01-19
410,Brittany,Hill,Non-binary,Finance,Finance Manager,Chennai,1975-09-02,2023-11-11
411,Erik,Morgan,Non-binary,Support,Support Lead,Bangalore,1998-03-22,2019-08-01
412,William,Richardson,Female,Support,Support Engineer,Bangalore,1968-05-01,2024-10-19
413,Rick,Harrington,Male,Marketing,SEO Specialist,Bangalore,1998-12-22,2016-05-27
414,Eric,Copeland,Female,Engineering,Senior Engineer,Noida,1975-11-10,2023-07-16
415,Tom,Martin,Male,Sales,Sales Manager,Mumbai,1970-03-27,2024-02-15
416,Nathaniel,Mccall,Male,Sales,Sales Executive,Chennai,1970-04-28,2016-02-29
417,Zoe,Barrett,Male,HR,HR Executive,Hyderabad,1987-12-12,2019-04-06
418,Nicole,Dominguez,Non-binary,HR,HR Manager,Pune,1989-08-12,2017-09-11
419,Sabrina,Long,Male,Support,Support Lead,Chennai,2002-02-20,2019-07-29
420,Sarah,Wilson,Female,Finance,Finance Manager,Chennai,1968-10-17,2020-11-01
421,Courtney,Fuller,Female,Product,Product Manager,Mumbai,1965-12-21,2023-01-25
422,Christina,Clark,Non-binary,HR,HR Manager,Hyderabad,1984-01-18,2023-08-16
423,Amanda,Oliver,Non-binary,Engineering,DevOps,Noida,1981-05-05,2023-03-28
424,Mitchell,Williams,Male,Support,Support Lead,Noida,1989-02-26,2022-12-02
425,Jeffrey,Cabrera,Non-binary,Product,Product Manager,Bangalore,1977-01-30,2018-10-19
426,Sara,Bryant,Non-binary,Product,Product Manager,Mumbai,1973-06-15,2020-10-03
427,Zachary,Keller,Male,Finance,Accountant,Pune,1990-12-09,2023-03-25
428,Lisa,Woods,Female,HR,HR Manager,Mumbai,1996-11-20,2019-01-25
429,David,Hudson,Female,HR,HR Manager,Noida,1975-01-09,2017-01-30
430,Adrienne,Morales,Female,Sales,Sales Executive,Bangalore,1968-07-23,2023-10-05
431,Donna,Chang,Male,HR,HR Executive,Hyderabad,1986-05-03,2023-06-28
432,George,Smith,Female,Engineering,Tech Lead,Pune,1974-04-10,2017-07-23
433,Ashley,Thompson,Male,Product,Business Analyst,Bangalore,1998-10-18,2019-06-21
434,Danielle,Henry,Non-binary,Marketing,Marketing Executive,Mumbai,2000-12-13,2021-11-12
435,Brad,Lindsey,Male,Finance,Accountant,Noida,1969-12-05,2016-12-29
436,Bryan,Villegas,Non-binary,Finance,Finance Manager,Pune,1967-01-13,2015-03-18
437,Tony,Stone,Male,Sales,Sales Executive,Hyderabad,1973-10-02,2017-06-26
438,Brian,Booth,Female,HR,HR Executive,Pune,1982-01-25,2019-01-22
439,Jeanne,Ingram,Non-binary,HR,HR Executive,Bangalore,1985-04-04,2019-01-28
440,Wendy,Waters,Female,Marketing,Marketing Executive,Noida,1983-07-28,2021-05-07
441,Carolyn,Reynolds,Non-binary,Support,Support Engineer,Mumbai,1966-01-04,2016-06-16
442,Erika,Macdonald,Male,Product,Business Analyst,Noida,1976-08-12,2020-03-07
443,Sandra,Parsons,Non-binary,Sales,Sales Manager,Mumbai,1976-02-18,2017-03-12
444,Deborah,Moore,Male,Support,Support Engineer,Pune,1985-06-17,2018-03-16
445,Alexis,Macias,Male,Product,Business Analyst,Mumbai,1976-10-27,2023-05-02
446,Louis,Hart,Non-binary,Engineering,DevOps,Mumbai,1979-11-05,2015-01-15
447,Holly,Ramirez,Male,Finance,Accountant,Mumbai,1971-07-25,2021-10-10
448,David,Velez,Non-binary,Finance,Accountant,Chennai,1987-05-06,2024-11-26
449,Sarah,Mcconnell,Female,Marketing,SEO Specialist,Noida,1967-09-25,2017-11-15
450,Stefanie,Collins,Non-binary,Marketing,SEO Specialist,Chennai,1969-11-27,2016-09-10
451,Eric,Jones,Non-binary,Product,Business Analyst,Mumbai,1972-05-16,2015-07-10
452,Donald,Johnson,Male,HR,HR Manager,Mumbai,1996-06-21,2020-01-30
453,Amanda,Berg,Male,HR,HR Manager,Noida,2003-05-20,2023-05-13
454,Tiffany,Rios,Non-binary,Product,Product Manager,Bangalore,1969-09-28,2019-02-20
455,Jeffrey,Bartlett,Male,Marketing,Marketing Executive,Hyderabad,1996-02-03,2017-04-19
456,Karen,Klein,Male,Finance,Finance Manager,Mumbai,1976-11-01,2020-05-28
457,Michelle,Garrett,Non-binary,Sales,Sales Manager,Mumbai,1983-07-30,2016-03-25
458,Wendy,Wells,Non-binary,Engineering,Software Engineer,Noida,1974-02-06,2016-03-06
459,Shelby,Garcia,Male,Finance,Accountant,Hyderabad,1995-12-22,2022-04-25
460,Jonathan,Mccarthy,Female,Support,Support Lead,Mumbai,1981-05-14,2016-03-12
461,Jill,Marquez,Non-binary,Product,Product Manager,Noida,1999-12-08,2020-01-17
462,Alexander,Allen,Male,HR,HR Executive,Pune,1991-07-31,2019-10-30
463,Samuel,Burke,Male,Engineering,Software Engineer,Noida,1989-04-01,2023-06-05
464,Joseph,Larson,Male,Support,Support Lead,Bangalore,1976-02-29,2016-07-26
465,Julie,Suarez,Non-binary,Sales,Sales Executive,Hyderabad,1974-02-26,2015-12-05
466,James,Kim,Non-binary,Engineering,DevOps,Mumbai,1995-02-17,2019-08-25
467,Rachel,Miller,Non-binary,HR,HR Executive,Chennai,1978-08-17,2019-09-30
468,Christopher,Taylor,Male,Engineering,Software Engineer,Noida,1988-12-16,2018-12-01
469,Daniel,Spencer,Male,Marketing,Marketing Executive,Mumbai,1990-11-27,2022-05-03
470,Anthony,Fletcher,Male,Finance,Accountant,Pune,1985-06-21,2017-12-10
471,Jose,Haynes,Female,HR,HR Manager,Mumbai,1970-04-08,2015-01-10
472,Colleen,Chen,Male,Marketing,SEO Specialist,Pune,1965-02-21,2016-04-14
473,Meagan,Keller,Non-binary,Engineering,Tech Lead,Hyderabad,1986-01-10,2021-08-28
474,William,Cooper,Male,HR,HR Executive,Hyderabad,1984-04-29,2016-02-04
475,Kristina,Nichols,Female,Support,Support Lead,Pune,1968-12-06,2024-12-14
476,Jennifer,Rodriguez,Male,Support,Support Engineer,Hyderabad,1974-03-17,2016-04-10
477,Bradley,Carter,Non-binary,HR,HR Executive,Hyderabad,1968-12-10,2016-05-12
478,Deanna,Baker,Male,HR,HR Executive,Chennai,1969-03-22,2023-10-13
479,Kimberly,Grant,Male,Sales,Sales Executive,Hyderabad,1979-01-10,2016-07-07
480,Richard,Orr,Female,Engineering,DevOps,Pune,1998-02-13,2019-08-02
481,Melvin,Henderson,Female,Support,Support Engineer,Chennai,1999-04-01,2016-05-16
482,Andrea,Smith,Male,Finance,Accountant,Pune,1992-12-29,2020-07-28
483,Kimberly,Kelley,Male,Finance,Accountant,Noida,1975-02-11,2017-07-17
484,Janet,Adams,Female,HR,HR Executive,Chennai,1992-12-03,2015-07-03
485,Ryan,Mcdaniel,Female,Marketing,SEO Specialist,Chennai,1992-06-11,2021-11-13
486,Mary,Melendez,Female,Engineering,DevOps,Chennai,1978-09-27,2015-02-03
487,Kristina,Manning,Female,Finance,Finance Manager,Mumbai,1991-12-30,2019-07-13
488,Gina,Becker,Female,Support,Support Engineer,Chennai,2000-02-23,2017-06-18
489,Tiffany,Fisher,Non-binary,HR,HR Manager,Hyderabad,1968-01-01,2017-11-13
490,Gina,Moody,Non-binary,Engineering,Software Engineer,Chennai,2000-11-13,2017-02-16
491,Jose,Huffman,Female,Support,Support Lead,Noida,1968-04-05,2023-03-06
492,Michael,Clark,Non-binary,Sales,Sales Manager,Pune,1969-03-08,2017-11-09
493,Ethan,Lewis,Non-binary,Marketing,SEO Specialist,Chennai,1982-04-08,2023-05-10
494,Samuel,May,Non-binary,Engineering,DevOps,Pune,1997-11-11,2019-12-31
495,Scott,Cannon,Non-binary,Engineering,DevOps,Bangalore,1999-09-11,2017-09-25
496,Jessica,Moore,Male,Product,Product Manager,Noida,1991-03-13,2021-07-03
497,Colleen,Atkinson,Female,Marketing,Marketing Executive,Noida,1982-03-05,2022-01-04
498,Melissa,Fowler,Non-binary,Support,Support Lead,Chennai,1974-06-27,2024-08-24
499,Brandon,Wallace,Male,HR,HR Manager,Pune,1979-09-07,2017-03-18
500,Mark,Lyons,Non-binary,Product,Product Manager,Mumbai,1969-03-04,2023-09-18
501,Jeremy,Reese,Male,Engineering,Tech Lead,Pune,1989-11-09,2017-08-28
502,James,Davis,Male,Support,Support Engineer,Chennai,1984-09-27,2019-10-22
503,Tina,Turner,Female,Finance,Accountant,Mumbai,1969-06-21,2018-04-29
504,Catherine,Green,Male,HR,HR Executive,Chennai,1993-03-14,2024-09-21
505,Lisa,Williams,Female,HR,HR Manager,Mumbai,1976-08-19,2019-01-06
506,Todd,Evans,Male,Engineering,Software Engineer,Bangalore,1980-04-01,2016-05-05
507,Jessica,Cisneros,Non-binary,Product,Product Manager,Mumbai,1993-11-09,2024-12-21
508,Robert,Kelly,Non-binary,Sales,Sales Executive,Pune,1970-06-17,2021-08-06
509,Alexander,Jimenez,Female,Support,Support Lead,Pune,1965-12-16,2018-09-23
510,Susan,Webster,Female,Finance,Accountant,Pune,1988-05-27,2022-07-30
511,Elizabeth,Hamilton,Male,Engineering,Software Engineer,Bangalore,1991-06-29,2022-03-30
512,Jerome,Baker,Female,Sales,Account Manager,Noida,1967-04-01,2023-02-02
513,William,Ramirez,Male,Engineering,Senior Engineer,Noida,1975-03-26,2021-10-04
514,George,Coleman,Female,Support,Support Engineer,Chennai,1974-08-18,2017-10-05
515,Taylor,Davis,Non-binary,Sales,Sales Manager,Noida,1965-05-02,2021-12-19
516,Cheryl,Cox,Female,Support,Support Engineer,Noida,1989-05-24,2020-01-23
517,Dalton,Todd,Female,HR,HR Executive,Bangalore,1966-06-09,2022-06-25
518,Theresa,Garcia,Non-binary,Engineering,Software Engineer,Pune,2002-02-13,2015-02-11
519,Katelyn,Peters,Female,Marketing,Marketing Executive,Chennai,1969-08-31,2020-08-03
520,Melissa,Wilson,Female,HR,HR Manager,Bangalore,1991-07-07,2017-11-19
521,Katherine,Jackson,Male,Engineering,Tech Lead,Noida,1982-09-08,2024-04-30
522,James,Cruz,Male,Product,Business Analyst,Bangalore,1990-02-22,2016-07-05
523,Chloe,Branch,Non-binary,Marketing,SEO Specialist,Pune,1976-08-22,2019-08-13
524,Krista,Thomas,Non-binary,Support,Support Lead,Bangalore,2000-04-08,2017-10-15
525,Allison,Lopez,Non-binary,Product,Business Analyst,Chennai,1985-01-17,2016-09-03
526,James,Colon,Male,Finance,Finance Manager,Pune,1993-05-11,2023-10-04
527,Kimberly,Park,Male,Finance,Accountant,Mumbai,1992-05-26,2018-11-26
528,Shannon,Brown,Female,Product,Business Analyst,Pune,1989-01-11,2023-09-29
529,Mitchell,Watson,Male,Finance,Accountant,Noida,1964-08-19,2019-10-17
530,Nichole,Thomas,Female,Support,Support Lead,Pune,1995-08-02,2022-04-16
531,Brian,Salazar,Non-binary,HR,HR Executive,Chennai,1999-12-17,2024-06-26
532,Zachary,Thompson,Female,Finance,Finance Manager,Bangalore,1996-09-26,2015-02-16
533,Richard,Williams,Female,Product,Product Manager,Bangalore,1993-12-07,2021-10-07
534,Erik,Bean,Female,Engineering,DevOps,Pune,1999-03-16,2019-07-28
535,Jason,Hoover,Female,Engineering,Software Engineer,Mumbai,1995-10-02,2017-08-13
536,Grant,Mcmillan,Non-binary,Sales,Sales Manager,Noida,1970-07-03,2018-10-27
537,Michelle,Mccormick,Non-binary,HR,HR Executive,Bangalore,1988-12-15,2021-08-26
538,Vanessa,Moore,Female,Product,Product Manager,Hyderabad,1995-01-25,2016-02-12
539,Richard,Roberts,Non-binary,Support,Support Lead,Chennai,1975-03-28,2023-03-20
540,Mary,Carr,Female,Engineering,Tech Lead,Noida,2001-01-03,2016-08-03
541,Raymond,Thompson,Male,HR,HR Executive,Noida,1979-08-09,2024-06-08
542,Sarah,Carpenter,Male,Finance,Accountant,Chennai,1976-01-31,2017-09-12
543,Amy,Perez,Male,Engineering,Tech Lead,Bangalore,1969-01-02,2016-09-17
544,Donald,Garcia,Non-binary,HR,HR Manager,Mumbai,1992-04-18,2017-05-05
545,Julie,Hall,Female,Sales,Sales Manager,Hyderabad,1984-08-02,2018-03-23
546,Monique,Welch,Non-binary,Sales,Sales Executive,Mumbai,1992-08-12,2016-09-03
547,Sean,Wong,Non-binary,Sales,Account Manager,Bangalore,1998-08-05,2015-05-12
548,Rhonda,Lewis,Male,Finance,Finance Manager,Noida,1984-07-08,2022-09-28
549,Charlotte,Harris,Non-binary,Marketing,Marketing Executive,Mumbai,2002-10-22,2015-09-21
550,Thomas,Garcia,Male,Finance,Finance Manager,Hyderabad,1999-12-17,2015-02-28
551,Allison,Fernandez,Male,Product,Business Analyst,Noida,1970-02-21,2021-10-05
552,Heather,Bullock,Male,Finance,Finance Manager,Hyderabad,1973-11-09,2020-11-02
553,Judy,Osborne,Female,Marketing,SEO Specialist,Pune,1975-02-28,2017-08-31
554,Melissa,Herrera,Male,Marketing,SEO Specialist,Chennai,1979-10-13,2017-06-16
555,Joshua,Wade,Male,Sales,Sales Executive,Noida,1997-05-18,2024-02-21
556,Keith,Kelley,Male,Engineering,Software Engineer,Hyderabad,2002-09-23,2024-04-20
557,Stacie,Anderson,Male,Support,Support Engineer,Bangalore,1984-06-30,2018-03-03
558,Karen,Warner,Non-binary,Support,Support Lead,Bangalore,1977-06-10,2021-09-22
559,Robert,Frost,Male,Sales,Sales Manager,Bangalore,1986-12-26,2015-04-23
560,Alexandria,Morris,Non-binary,Marketing,Marketing Executive,Pune,2001-05-14,2023-10-20
561,Jeffrey,Porter,Male,Product,Business Analyst,Bangalore,1977-04-29,2023-04-19
562,Ashley,Leonard,Female,Marketing,Marketing Executive,Noida,1996-03-10,2022-12-06
563,John,Sandoval,Male,Product,Business Analyst,Mumbai,1985-07-14,2022-03-14
564,Ashley,Henry,Male,Finance,Accountant,Bangalore,1966-06-21,2015-10-06
565,Breanna,Patterson,Male,HR,HR Executive,Hyderabad,1985-02-08,2023-01-16
566,Natalie,Schmidt,Male,Engineering,Software Engineer,Mumbai,1982-07-16,2015-01-13
567,Martin,Donovan,Non-binary,Engineering,Software Engineer,Pune,1994-05-10,2018-08-08
568,Karen,Carter,Female,Product,Business Analyst,Mumbai,1966-01-19,2024-10-27
569,Willie,Moore,Female,Finance,Accountant,Bangalore,1964-12-02,2022-09-07
570,Michael,Johnson,Female,Engineering,DevOps,Noida,1978-02-26,2020-10-22
571,Erika,Castro,Female,Marketing,Marketing Executive,Mumbai,1968-02-18,2016-11-18
572,Brittany,Sanders,Non-binary,Finance,Accountant,Pune,1965-10-02,2022-07-15
573,Ariana,Munoz,Non-binary,Finance,Finance Manager,Chennai,1993-10-31,2017-09-26
574,Kelly,Blake,Male,Finance,Finance Manager,Noida,1978-09-04,2023-01-01
575,Sarah,Turner,Male,Finance,Accountant,Noida,1975-02-05,2017-01-31
576,Shelia,Small,Male,Marketing,SEO Specialist,Hyderabad,1977-09-03,2023-06-02
577,Laura,Johnson,Female,Finance,Accountant,Noida,1969-10-14,2017-12-16
578,Daniel,Mayo,Female,Sales,Sales Manager,Pune,1981-10-08,2024-05-13
579,Laurie,Rodriguez,Non-binary,Finance,Accountant,Bangalore,1983-09-18,2021-04-16
580,Brittany,Fitzgerald,Female,Sales,Sales Manager,Mumbai,1971-03-05,2022-12-27
581,Manuel,Obrien,Male,Support,Support Engineer,Pune,1971-06-01,2017-06-29
582,James,Parker,Non-binary,Engineering,DevOps,Noida,1992-07-15,2021-04-15
583,Chelsea,Brown,Female,HR,HR Executive,Bangalore,1982-01-26,2022-01-04
584,Amanda,Williams,Female,Finance,Accountant,Mumbai,1997-01-07,2018-06-17
585,Shannon,Mcdaniel,Non-binary,Product,Product Manager,Chennai,1973-05-18,2023-04-08
586,Patrick,Williams,Female,Marketing,SEO Specialist,Mumbai,1998-04-21,2022-07-21
587,Nicholas,Gay,Non-binary,Support,Support Engineer,Noida,1980-06-26,2015-12-04
588,Lori,Ramos,Non-binary,Finance,Accountant,Pune,1997-03-18,2017-10-02
589,Sheri,Williams,Female,Engineering,Senior Engineer,Hyderabad,1985-04-06,2019-05-23
590,Christopher,Franklin,Female,Finance,Finance Manager,Mumbai,1981-12-30,2021-08-25
591,Maria,Taylor,Male,Engineering,DevOps,Bangalore,1998-02-01,2019-10-03
592,Jill,Benson,Male,Finance,Accountant,Bangalore,1965-09-16,2023-01-07
593,April,Drake,Non-binary,Engineering,Senior Engineer,Bangalore,1976-09-17,2024-09-05
594,Crystal,Lynch,Male,Sales,Sales Executive,Pune,1990-04-17,2015-08-05
595,Diana,Bell,Non-binary,Finance,Finance Manager,Pune,1966-03-29,2017-08-17
596,William,Adams,Non-binary,Product,Product Manager,Mumbai,1984-02-10,2020-12-04
597,Melissa,Williams,Non-binary,HR,HR Executive,Pune,1995-04-17,2018-07-17
598,Steven,Harrison,Male,Sales,Sales Manager,Pune,1992-04-24,2017-06-12
599,Patrick,Ayala,Non-binary,Finance,Finance Manager,Noida,1971-05-10,2021-02-18
600,Alejandra,Lee,Female,Product,Business Analyst,Mumbai,1976-06-04,2015-05-18
601,Gregory,Davis,Non-binary,HR,HR Manager,Bangalore,1971-04-22,2018-01-15
602,Claire,Lopez,Female,Marketing,SEO Specialist,Noida,1969-02-10,2022-10-18
603,Brandy,Jackson,Non-binary,Finance,Finance Manager,Pune,1977-12-21,2015-11-18
604,Jeremiah,Alexander,Male,Support,Support Engineer,Noida,1988-06-03,2024-01-24
605,Nicole,Jones,Non-binary,Finance,Finance Manager,Noida,1994-10-07,2017-02-18
606,Hannah,Frazier,Non-binary,Finance,Accountant,Pune,1967-10-29,2015-07-22
607,Keith,Gibson,Male,Product,Business Analyst,Hyderabad,1995-06-05,2017-06-15
608,Kristen,Mccarthy,Non-binary,Support,Support Lead,Noida,1973-02-20,2018-01-10
609,Emma,Holmes,Male,Product,Product Manager,Hyderabad,1989-10-04,2015-01-29
610,Stephanie,Chan,Non-binary,HR,HR Executive,Noida,1983-11-21,2019-11-16
611,Larry,Johnson,Non-binary,Marketing,SEO Specialist,Hyderabad,1989-06-17,2019-10-11
612,Pamela,Hicks,Male,HR,HR Manager,Chennai,1974-11-16,2016-10-29
613,Rodney,Harvey,Male,Engineering,DevOps,Noida,2003-02-25,2019-12-21
614,Krystal,Lane,Male,Sales,Sales Manager,Pune,1981-12-10,2015-11-04
615,Kendra,Murphy,Female,Product,Product Manager,Bangalore,1999-04-29,2021-07-28
616,Paul,Lewis,Female,Product,Product Manager,Pune,1970-04-09,2016-11-09
617,Jessica,Parker,Non-binary,Finance,Finance Manager,Mumbai,1979-11-19,2024-01-27
618,Jose,Wilson,Female,Engineering,DevOps,Pune,1986-03-05,2020-03-21
619,Nicole,Smith,Male,Marketing,Marketing Executive,Hyderabad,1989-08-31,2018-08-19
620,Frank,Nunez,Female,Sales,Sales Manager,Noida,2002-05-27,2015-05-19
621,Randall,Smith,Non-binary,Engineering,Software Engineer,Hyderabad,1976-02-06,2021-02-16
622,Charles,Osborne,Female,Engineering,DevOps,Pune,1989-04-17,2024-10-17
623,Eric,Moore,Non-binary,Product,Product Manager,Noida,1994-07-20,2023-03-17
624,Karen,Davidson,Male,Engineering,DevOps,Pune,1977-09-30,2021-10-11
625,Jesse,Dunlap,Female,Marketing,SEO Specialist,Pune,1984-09-13,2019-03-07
626,Melissa,Cunningham,Female,Sales,Account Manager,Noida,2002-04-15,2016-03-09
627,Pamela,King,Female,Support,Support Lead,Bangalore,2000-01-05,2015-06-26
628,Gina,Knight,Male,Sales,Account Manager,Noida,2001-06-07,2016-05-27
629,Jason,Carpenter,Male,Finance,Finance Manager,Noida,1969-09-06,2015-09-25
630,Wyatt,Hernandez,Female,Finance,Finance Manager,Mumbai,1985-08-04,2021-09-20
631,Mark,Mason,Male,Support,Support Lead,Mumbai,1986-08-20,2024-11-28
632,Ana,Good,Female,Finance,Finance Manager,Mumbai,1976-05-03,2023-11-02
633,Gina,Blair,Male,HR,HR Manager,Hyderabad,1977-06-22,2021-09-26
634,Diana,Mcintyre,Non-binary,Marketing,Marketing Executive,Pune,1992-10-09,2023-04-16
635,Latoya,Payne,Male,Finance,Finance Manager,Pune,1993-06-29,2018-07-13
636,John,Cline,Female,Engineering,Software Engineer,Noida,1981-04-07,2015-06-06
637,Daniel,Townsend,Non-binary,Sales,Account Manager,Chennai,1991-02-20,2016-02-06
638,Christopher,Brown,Non-binary,Marketing,Marketing Executive,Bangalore,1968-08-31,2016-04-23
639,Timothy,Blair,Non-binary,Product,Business Analyst,Bangalore,1987-09-05,2023-05-08
640,George,Smith,Female,Sales,Sales Manager,Hyderabad,1983-08-25,2020-01-16
641,Amy,Coleman,Male,Product,Business Analyst,Pune,1985-11-13,2018-12-26
642,Cameron,Chaney,Male,Finance,Accountant,Mumbai,1986-12-04,2019-10-27
643,Nicholas,Baker,Non-binary,Engineering,Senior Engineer,Bangalore,1967-09-11,2021-01-11
644,Gabriela,Rivas,Non-binary,Marketing,SEO Specialist,Mumbai,1989-05-06,2023-03-23
645,Tammy,Mejia,Non-binary,Sales,Account Manager,Chennai,1971-02-19,2019-11-11
646,Rachael,Tucker,Non-binary,Finance,Accountant,Chennai,1983-01-04,2020-03-13
647,Sarah,Banks,Male,Product,Business Analyst,Hyderabad,1972-09-03,2016-09-04
648,Michael,Castro,Non-binary,Finance,Finance Manager,Mumbai,1987-08-07,2019-10-30
649,Joshua,Barry,Female,Product,Product Manager,Hyderabad,2002-10-30,2016-05-19
650,Travis,Adams,Female,Sales,Sales Manager,Bangalore,1975-03-08,2016-04-09
651,Zachary,Simmons,Non-binary,HR,HR Manager,Chennai,1995-03-15,2015-01-09
652,Patrick,Weaver,Male,Support,Support Lead,Pune,1964-08-25,2024-06-30
653,Danielle,Morgan,Non-binary,Finance,Accountant,Pune,2002-07-24,2015-07-03
654,Erin,Salas,Female,HR,HR Manager,Hyderabad,1978-07-03,2022-06-08
655,Adam,Scott,Non-binary,Sales,Sales Executive,Noida,1982-03-24,2022-09-21
656,Jonathan,Murray,Female,Marketing,SEO Specialist,Mumbai,1982-03-08,2023-11-30
657,Steven,Lewis,Non-binary,HR,HR Executive,Mumbai,1998-04-19,2021-10-19
658,Douglas,Foster,Male,Support,Support Engineer,Mumbai,2003-07-03,2018-05-31
659,William,Richardson,Non-binary,Product,Product Manager,Chennai,2002-07-08,2015-05-04
660,Tracy,Sanchez,Non-binary,Sales,Sales Executive,Chennai,1986-04-09,2022-10-28
661,Alexis,Bryant,Male,Sales,Sales Manager,Chennai,1988-02-14,2020-07-19
662,Jeremy,Santos,Female,Sales,Sales Manager,Mumbai,1978-02-20,2022-11-07
663,Michelle,Obrien,Male,Finance,Accountant,Pune,1995-09-23,2020-01-04
664,Brandon,Garcia,Female,Finance,Accountant,Bangalore,1971-07-20,2016-11-24
665,Kimberly,Hendrix,Female,Support,Support Engineer,Chennai,1987-11-22,2015-06-25
666,Angela,Bauer,Male,Finance,Finance Manager,Bangalore,1999-05-16,2020-02-02
667,Mia,Obrien,Non-binary,Product,Business Analyst,Noida,1987-01-07,2015-03-31
668,Christopher,Harper,Male,Support,Support Engineer,Mumbai,1987-01-13,2021-06-18
669,Victoria,Smith,Non-binary,Support,Support Lead,Noida,1975-05-25,2022-04-19
670,Erik,Adams,Non-binary,Support,Support Engineer,Noida,2003-07-25,2024-03-26
671,Steven,Perez,Non-binary,Marketing,Marketing Executive,Bangalore,1974-10-16,2017-02-16
672,Cynthia,Casey,Male,Marketing,Marketing Executive,Noida,1997-03-22,2019-04-06
673,Eric,Horn,Non-binary,Engineering,Tech Lead,Pune,1972-02-23,2017-11-21
674,Alexis,Harmon,Non-binary,Engineering,Tech Lead,Chennai,1985-04-19,2023-12-29
675,Victoria,Taylor,Male,Support,Support Engineer,Hyderabad,1984-11-30,2020-02-23
676,Michelle,Horn,Non-binary,Support,Support Lead,Chennai,1999-05-26,2019-11-19
677,Sara,Thomas,Male,Finance,Finance Manager,Mumbai,2001-01-14,2024-09-12
678,Kristen,Fuller,Male,Finance,Finance Manager,Noida,1983-08-26,2020-12-30
679,Renee,Poole,Male,Sales,Sales Executive,Hyderabad,1976-12-10,2024-04-23
680,Sarah,Jones,Male,Marketing,SEO Specialist,Bangalore,1993-07-03,2023-07-18
681,Nicole,Jordan,Male,Product,Business Analyst,Mumbai,1984-11-22,2021-02-20
682,Richard,Hodge,Male,Marketing,SEO Specialist,Hyderabad,2003-06-13,2024-04-30
683,Natalie,Hansen,Female,Marketing,Marketing Executive,Noida,1968-02-16,2015-06-14
684,Shawn,Bennett,Male,HR,HR Executive,Bangalore,1990-08-03,2024-05-19
685,John,Nguyen,Non-binary,Finance,Finance Manager,Chennai,1968-12-03,2015-07-17
686,Tamara,Khan,Non-binary,HR,HR Manager,Chennai,1993-01-08,2021-06-23
687,Kyle,Crawford,Male,Sales,Sales Executive,Chennai,1998-05-10,2015-01-17
688,Rebecca,Wong,Non-binary,HR,HR Executive,Noida,1976-09-06,2016-02-01
689,Kaitlyn,Anderson,Male,HR,HR Executive,Noida,1988-05-17,2018-10-19
690,Ashley,Dudley,Non-binary,Finance,Finance Manager,Noida,1990-08-16,2017-12-25
691,Anne,Norman,Male,Support,Support Lead,Bangalore,1970-10-05,2023-09-22
692,Jasmine,Olson,Male,Marketing,SEO Specialist,Bangalore,1968-09-06,2021-05-10
693,Janice,Townsend,Non-binary,Marketing,SEO Specialist,Pune,1988-02-12,2022-08-17
694,Sandra,Malone,Male,Marketing,Marketing Executive,Chennai,1966-12-10,2023-10-15
695,Lee,Maxwell,Male,Marketing,SEO Specialist,Hyderabad,1972-08-29,2024-03-24
696,Nicholas,Clements,Non-binary,Engineering,DevOps,Chennai,1984-03-30,2015-08-18
697,Christine,Gibson,Non-binary,Product,Business Analyst,Noida,1984-03-05,2021-08-18
698,Maria,Franco,Female,Marketing,Marketing Executive,Pune,1973-12-11,2017-07-23
699,Christopher,Walker,Non-binary,HR,HR Manager,Hyderabad,1970-03-05,2024-08-01
700,Paige,Hill,Female,HR,HR Manager,Bangalore,1992-04-10,2018-10-18
701,Katelyn,Lowe,Male,Engineering,Tech Lead,Bangalore,1996-06-08,2023-12-17
702,Carrie,Garcia,Male,Support,Support Lead,Mumbai,1993-10-19,2017-06-07
703,Julie,Bishop,Female,Marketing,SEO Specialist,Noida,1996-10-06,2022-04-26
704,Jose,Clark,Non-binary,Sales,Account Manager,Pune,1984-05-22,2015-06-07
705,Jeremiah,Gamble,Male,Marketing,SEO Specialist,Noida,1995-08-25,2015-09-10
706,Laura,Kim,Female,Support,Support Lead,Pune,1992-12-12,2016-10-04
707,William,Gomez,Male,Engineering,Senior Engineer,Hyderabad,1981-01-13,2023-01-02
708,Matthew,Davis,Male,Product,Business Analyst,Noida,2003-08-07,2022-08-02
709,Sandra,Carlson,Male,Finance,Accountant,Pune,1969-09-14,2023-09-16
710,Eric,Sawyer,Female,Engineering,Senior Engineer,Noida,1988-03-03,2019-08-11
711,Danny,Johnson,Female,Sales,Sales Executive,Noida,1991-12-05,2019-02-19
712,Zachary,Griffin,Male,HR,HR Executive,Pune,1992-10-01,2020-10-23
713,Andrew,Walker,Non-binary,Product,Product Manager,Bangalore,1984-11-03,2022-09-05
714,Megan,Ryan,Female,Marketing,Marketing Executive,Pune,2000-03-17,2020-04-25
715,Kathleen,Smith,Male,Engineering,Senior Engineer,Hyderabad,1991-10-04,2022-10-10
716,Margaret,Gaines,Female,Marketing,Marketing Executive,Bangalore,1992-09-07,2023-09-02
717,Phillip,Garcia,Female,Engineering,DevOps,Hyderabad,1995-08-30,2015-12-12
718,John,Montgomery,Female,Finance,Finance Manager,Bangalore,1999-11-19,2021-05-08
719,Cynthia,Young,Female,Engineering,Senior Engineer,Bangalore,1968-11-08,2022-05-29
720,Richard,Morales,Female,Support,Support Engineer,Mumbai,1986-07-03,2015-10-04
721,William,Armstrong,Male,Engineering,Software Engineer,Noida,1986-04-08,2019-06-16
722,Susan,Pratt,Non-binary,Sales,Sales Executive,Pune,1982-08-18,2022-02-03
723,Katherine,Briggs,Female,Product,Business Analyst,Bangalore,1982-03-31,2022-08-10
724,Anthony,Singh,Non-binary,Engineering,Tech Lead,Chennai,2000-06-19,2016-07-30
725,Steven,Carr,Female,Marketing,Marketing Executive,Bangalore,1994-01-30,2022-03-04
726,Laura,Johnson,Male,Marketing,SEO Specialist,Hyderabad,1993-12-24,2018-04-14
727,Caitlin,Miranda,Non-binary,Sales,Sales Executive,Bangalore,1984-05-15,2024-02-23
728,Amy,Ramos,Non-binary,Finance,Accountant,Bangalore,1989-05-28,2018-05-20
729,Jeffery,Jones,Non-binary,Marketing,Marketing Executive,Noida,1971-08-09,2023-06-06
730,Charles,Evans,Non-binary,Marketing,Marketing Executive,Noida,2002-12-20,2016-02-15
731,Daniel,Fuentes,Male,Sales,Sales Executive,Bangalore,1973-02-13,2018-07-10
732,Brenda,Bentley,Male,Support,Support Engineer,Noida,2002-03-25,2017-07-13
733,Ruben,Jones,Female,HR,HR Manager,Pune,1965-02-10,2021-07-13
734,Anne,Fletcher,Female,Marketing,Marketing Executive,Chennai,1989-07-18,2015-08-23
735,Claire,Goodman,Male,Engineering,Tech Lead,Mumbai,1982-12-10,2018-05-26
736,Laura,Conner,Non-binary,Finance,Finance Manager,Hyderabad,1966-06-22,2018-01-24
737,Tanya,Turner,Male,Product,Product Manager,Noida,1981-08-05,2018-02-13
738,Shelby,Schaefer,Male,Support,Support Engineer,Noida,1981-06-17,2017-03-30
739,Deborah,Sosa,Female,Support,Support Engineer,Pune,2001-06-04,2020-09-17
740,Lauren,Daniel,Non-binary,Support,Support Engineer,Pune,1996-09-30,2021-09-19
741,John,Pearson,Non-binary,Support,Support Lead,Bangalore,2003-06-03,2023-01-16
742,Sarah,Hall,Male,HR,HR Executive,Noida,1992-02-03,2019-07-17
743,Charles,Brown,Male,Sales,Sales Manager,Chennai,1970-10-15,2022-03-19
744,Allison,Newman,Female,Marketing,SEO Specialist,Mumbai,1970-10-01,2016-02-16
745,Elizabeth,Wang,Male,Finance,Accountant,Bangalore,1993-01-07,2022-04-02
746,Aaron,Vargas,Female,Marketing,SEO Specialist,Noida,1989-05-20,2021-11-26
747,Anthony,Gomez,Female,Support,Support Lead,Chennai,1976-06-05,2016-02-07
748,Renee,Wood,Non-binary,Sales,Sales Executive,Bangalore,2003-01-27,2021-09-09
749,Robert,Rosario,Male,Finance,Accountant,Mumbai,1981-05-31,2023-02-19
750,Kimberly,Schroeder,Non-binary,Finance,Finance Manager,Chennai,1984-11-07,2021-11-28
751,Tanya,Adams,Female,Support,Support Lead,Chennai,1985-06-11,2018-04-25
752,James,Martin,Non-binary,Engineering,Tech Lead,Chennai,1970-07-18,2022-06-22
753,Jennifer,Patterson,Male,Support,Support Engineer,Noida,1983-04-16,2023-09-08
754,Emily,Cunningham,Non-binary,Support,Support Engineer,Pune,1990-05-01,2017-06-13
755,Vincent,Davis,Female,Engineering,Tech Lead,Mumbai,1967-11-19,2023-06-06
756,Kristine,Smith,Male,Engineering,Tech Lead,Bangalore,1992-04-24,2018-01-25
757,Cheryl,Jefferson,Female,Finance,Accountant,Bangalore,1992-04-01,2018-09-08
758,Steven,Diaz,Male,Product,Product Manager,Noida,1980-12-05,2019-12-06
759,Kayla,Bryan,Male,Product,Business Analyst,Mumbai,1976-08-11,2022-04-21
760,Michelle,Hawkins,Non-binary,Marketing,SEO Specialist,Pune,1966-09-20,2020-11-15
761,Jonathan,Buchanan,Non-binary,Marketing,Marketing Executive,Mumbai,2003-06-16,2015-04-04
762,Sarah,Jones,Non-binary,Sales,Sales Executive,Noida,1999-07-18,2017-12-13
763,Michael,Johnson,Non-binary,Sales,Account Manager,Noida,1981-04-09,2016-03-08
764,Sarah,Webster,Male,Sales,Account Manager,Noida,1997-08-06,2023-09-12
765,Leslie,Miller,Non-binary,Marketing,Marketing Executive,Pune,1990-12-29,2016-10-23
766,Jesus,Hill,Non-binary,Product,Business Analyst,Noida,1965-09-19,2021-07-09
767,Julie,Neal,Non-binary,Support,Support Lead,Mumbai,1991-06-03,2015-12-22
768,Claire,Vazquez,Non-binary,Engineering,DevOps,Mumbai,1996-06-22,2019-02-01
769,Patrick,Brown,Non-binary,Finance,Finance Manager,Mumbai,1997-07-04,2022-12-20
770,Lisa,Buckley,Female,Support,Support Engineer,Chennai,1995-05-20,2017-05-14
771,Dennis,Lucas,Non-binary,Engineering,Senior Engineer,Bangalore,1974-02-13,2022-12-27
772,Veronica,Dennis,Male,Support,Support Engineer,Chennai,1987-01-12,2018-02-01
773,Jonathon,Mckay,Male,Support,Support Engineer,Hyderabad,1995-05-06,2023-12-16
774,Vanessa,Weeks,Non-binary,Product,Business Analyst,Chennai,1983-09-17,2015-09-17
775,Elizabeth,Jones,Non-binary,Sales,Account Manager,Pune,1990-12-21,2017-03-07
776,Antonio,Meadows,Male,Finance,Finance Manager,Hyderabad,1986-05-25,2017-02-26
777,Allen,Moore,Female,Sales,Account Manager,Chennai,1977-05-26,2021-05-19
778,Linda,Frost,Male,Product,Product Manager,Hyderabad,1997-05-20,2018-06-28
779,Anita,Bailey,Female,Sales,Sales Executive,Bangalore,1997-06-01,2017-10-15
780,Howard,Fox,Male,HR,HR Manager,Chennai,1994-05-11,2017-04-10
781,Ashley,Griffin,Female,Finance,Accountant,Mumbai,1977-06-04,2019-12-18
782,Elijah,Lin,Male,Support,Support Engineer,Noida,1994-09-07,2019-10-11
783,Christopher,Gross,Male,Support,Support Lead,Noida,1995-05-30,2023-08-10
784,Morgan,Price,Female,HR,HR Executive,Noida,1982-08-28,2023-03-23
785,Melissa,Herrera,Female,Finance,Accountant,Mumbai,1995-12-11,2017-07-06
786,Shannon,Martinez,Male,Sales,Account Manager,Mumbai,1977-01-24,2016-07-31
787,Richard,Richards,Non-binary,Product,Product Manager,Noida,1965-06-14,2017-07-15
788,Elizabeth,Blackwell,Female,Engineering,DevOps,Noida,1987-09-20,2017-04-02
789,Jonathan,Fields,Male,HR,HR Manager,Bangalore,1966-01-17,2020-11-13
790,Benjamin,Larson,Male,Finance,Finance Manager,Hyderabad,1994-03-31,2016-11-10
791,Catherine,Medina,Female,Engineering,DevOps,Pune,1968-08-26,2024-04-04
792,Julia,Murphy,Female,Finance,Finance Manager,Hyderabad,1969-08-01,2023-06-03
793,Julia,Jensen,Non-binary,Engineering,Tech Lead,Pune,1987-07-23,2021-05-15
794,Rhonda,Day,Male,Finance,Finance Manager,Noida,1976-06-07,2019-05-28
795,Christopher,Christensen,Male,Support,Support Lead,Bangalore,1985-06-11,2019-11-18
796,Tyler,Fowler,Female,Finance,Accountant,Noida,1987-05-23,2021-04-26
797,Rachel,Cooper,Non-binary,Engineering,Tech Lead,Pune,1976-12-27,2023-06-02
798,Sean,Simmons,Male,Marketing,Marketing Executive,Bangalore,1967-12-12,2020-05-01
799,John,Odonnell,Non-binary,Finance,Finance Manager,Hyderabad,1978-07-23,2020-08-28
800,Richard,Winters,Female,HR,HR Manager,Hyderabad,1971-10-21,2019-08-04
801,Kathryn,Cohen,Non-binary,Finance,Finance Manager,Bangalore,1965-06-08,2015-12-17
802,Kristen,Lynch,Female,Marketing,Marketing Executive,Hyderabad,1978-07-22,2015-05-02
803,Kurt,Thomas,Male,Engineering,Software Engineer,Mumbai,1975-11-24,2020-03-22
804,Peggy,Frost,Non-binary,Engineering,Software Engineer,Chennai,1992-03-01,2019-09-10
805,Lori,Schwartz,Non-binary,Support,Support Lead,Hyderabad,1991-07-23,2015-05-28
806,Robert,Kaiser,Non-binary,Engineering,Senior Engineer,Hyderabad,1991-10-20,2022-07-25
807,Robert,Hicks,Male,Finance,Accountant,Noida,1966-12-10,2019-08-29
808,Erika,Powers,Non-binary,Product,Product Manager,Noida,1965-11-04,2024-07-04
809,James,Moses,Male,Sales,Sales Manager,Mumbai,1964-10-10,2021-03-24
810,Julie,Reilly,Male,Sales,Account Manager,Bangalore,1995-10-22,2019-08-18
811,Daniel,Gutierrez,Female,Finance,Finance Manager,Bangalore,2001-03-12,2024-02-13
812,Sean,Vance,Non-binary,Marketing,Marketing Executive,Mumbai,1980-08-04,2023-10-28
813,Michael,Stewart,Non-binary,HR,HR Executive,Mumbai,1984-04-18,2017-10-06
814,Victoria,Franklin,Female,Finance,Accountant,Pune,1992-10-03,2024-09-08
815,Daniel,Malone,Male,Support,Support Engineer,Pune,1986-02-15,2018-07-18
816,Sean,Conrad,Female,Engineering,Software Engineer,Noida,1964-09-09,2019-09-30
817,Desiree,Turner,Male,Support,Support Engineer,Bangalore,1996-07-16,2022-12-16
818,Jessica,Mcintyre,Female,Sales,Sales Manager,Noida,1970-12-31,2023-09-05
819,Helen,Hernandez,Male,Engineering,DevOps,Bangalore,1992-01-13,2019-08-02
820,Michael,Sandoval,Female,Support,Support Engineer,Pune,1970-02-05,2019-12-29
821,Carl,Porter,Non-binary,Engineering,Software Engineer,Pune,1974-06-21,2016-07-28
822,Christine,Moore,Male,HR,HR Manager,Hyderabad,1996-06-02,2018-12-30
823,Jennifer,Wagner,Male,Sales,Account Manager,Hyderabad,1968-02-23,2015-12-16
824,Jason,Todd,Male,HR,HR Executive,Hyderabad,1975-09-18,2016-01-27
825,Frederick,Poole,Non-binary,HR,HR Executive,Pune,1969-01-01,2018-02-07
826,David,Bailey,Non-binary,Finance,Accountant,Bangalore,1969-05-26,2019-09-03
827,Jonathan,Austin,Female,Marketing,Marketing Executive,Noida,1977-10-14,2021-03-16
828,Kelsey,Johnson,Female,Engineering,Senior Engineer,Mumbai,1995-09-29,2017-08-19
829,Jeff,Garcia,Male,Sales,Sales Executive,Hyderabad,1997-07-11,2020-04-20
830,Tammy,Green,Female,Support,Support Lead,Noida,1965-10-18,2020-06-07
831,Sean,King,Female,Sales,Sales Executive,Noida,1997-09-17,2023-08-08
832,Michael,Howard,Male,Sales,Sales Manager,Chennai,1982-12-03,2020-07-04
833,Michele,Reed,Non-binary,Product,Product Manager,Noida,1966-11-15,2023-10-29
834,Jessica,Arellano,Male,Engineering,Software Engineer,Hyderabad,1986-08-11,2023-10-15
835,Victoria,Johnson,Non-binary,Product,Product Manager,Bangalore,1969-04-03,2016-10-30
836,Richard,Hoover,Female,HR,HR Executive,Hyderabad,1973-02-19,2021-08-14
837,Steven,Schmitt,Non-binary,Support,Support Engineer,Pune,1965-10-11,2017-04-11
838,Jacob,Johns,Non-binary,Support,Support Engineer,Pune,1986-04-03,2015-06-23
839,Henry,Willis,Female,Support,Support Lead,Pune,1988-06-14,2016-05-15
840,Vanessa,Watson,Male,Product,Product Manager,Chennai,1972-06-08,2024-03-16
841,Corey,Mitchell,Male,Engineering,DevOps,Noida,2002-03-17,2015-02-18
842,Amber,Chang,Female,Finance,Finance Manager,Hyderabad,1967-09-16,2017-04-24
843,Jennifer,Schmidt,Non-binary,Finance,Finance Manager,Mumbai,1970-07-31,2019-03-24
844,James,Thornton,Non-binary,Support,Support Engineer,Mumbai,1999-03-04,2015-06-11
845,Kara,Lewis,Female,Sales,Sales Manager,Mumbai,1973-01-19,2018-06-16
846,Timothy,Parker,Female,Sales,Sales Manager,Bangalore,1991-12-27,2024-08-02
847,Larry,Hicks,Non-binary,Finance,Accountant,Pune,1974-12-30,2021-08-26
848,Alan,Sanders,Male,Sales,Sales Executive,Bangalore,1966-08-07,2021-06-08
849,Tracy,Martin,Female,Support,Support Lead,Chennai,1996-10-15,2016-07-13
850,Jonathan,Brown,Female,Sales,Sales Executive,Noida,1965-10-22,2024-07-24
851,Elizabeth,Molina,Male,Engineering,Senior Engineer,Mumbai,1987-04-30,2019-05-19
852,Nicholas,Burns,Female,Engineering,Senior Engineer,Pune,2001-01-22,2018-11-30
853,William,Garrett,Non-binary,Marketing,Marketing Executive,Noida,1973-06-03,2019-01-10
854,Jeffrey,Wilkinson,Male,HR,HR Executive,Mumbai,1984-06-25,2017-02-26
855,Randy,Cole,Female,Finance,Finance Manager,Hyderabad,1966-09-27,2015-11-09
856,Sandra,Taylor,Female,Product,Business Analyst,Hyderabad,1971-12-16,2019-04-04
857,Kyle,Todd,Male,Marketing,Marketing Executive,Mumbai,1965-07-29,2019-03-12
858,Toni,Jones,Non-binary,Product,Product Manager,Hyderabad,1987-05-11,2022-04-03
859,Mary,Rowe,Female,Marketing,SEO Specialist,Mumbai,1993-10-26,2019-10-28
860,Lance,Wilson,Non-binary,HR,HR Manager,Pune,1975-12-14,2020-08-31
861,Kelly,Brown,Female,Product,Business Analyst,Pune,1998-07-11,2020-04-21
862,Garrett,Williams,Male,Product,Business Analyst,Mumbai,1985-06-15,2016-08-31
863,Nancy,Foster,Non-binary,Product,Product Manager,Chennai,1991-07-29,2018-08-31
864,Kenneth,Armstrong,Male,Engineering,Senior Engineer,Chennai,1998-08-30,2018-07-22
865,Brittany,Davis,Male,Marketing,SEO Specialist,Pune,1985-03-26,2022-07-26
866,Linda,Brooks,Female,Support,Support Engineer,Bangalore,1966-04-16,2019-08-28
867,Mark,Stanley,Male,Sales,Sales Executive,Noida,1990-05-25,2022-08-21
868,Margaret,Long,Female,Sales,Account Manager,Noida,2003-01-29,2024-05-09
869,Keith,Love,Male,Marketing,Marketing Executive,Hyderabad,1968-04-10,2017-05-31
870,Mary,Bell,Non-binary,Engineering,Software Engineer,Chennai,1975-11-06,2024-09-18
871,Jason,Mccarthy,Female,Sales,Sales Manager,Noida,1980-06-12,2016-09-15
872,Christian,Brown,Female,Finance,Accountant,Pune,1983-08-22,2023-09-16
873,Robin,Kaiser,Non-binary,Marketing,Marketing Executive,Noida,1992-06-03,2016-02-20
874,Jasmine,Ritter,Female,Product,Business Analyst,Mumbai,2001-07-03,2016-10-20
875,Christina,Page,Female,Support,Support Lead,Bangalore,1996-08-05,2015-02-06
876,Leonard,Cole,Male,Marketing,SEO Specialist,Bangalore,1996-12-22,2021-01-08
877,Michael,Conway,Male,Sales,Account Manager,Bangalore,1975-06-23,2015-01-27
878,Daniel,Koch,Female,Marketing,SEO Specialist,Hyderabad,1970-12-17,2021-09-01
879,Ryan,Thomas,Non-binary,Finance,Accountant,Bangalore,1965-07-20,2021-02-05
880,Michelle,Crawford,Female,Engineering,Software Engineer,Mumbai,2002-03-01,2015-10-23
881,Jennifer,Jones,Female,Product,Business Analyst,Chennai,1985-02-10,2017-09-23
882,Johnathan,Livingston,Male,Product,Product Manager,Pune,1976-09-08,2024-03-16
883,Michael,Hodges,Non-binary,Marketing,Marketing Executive,Bangalore,1988-07-05,2024-02-19
884,Michael,Obrien,Non-binary,Finance,Finance Manager,Pune,1985-08-27,2020-10-15
885,Todd,Rowland,Non-binary,Support,Support Lead,Bangalore,1975-11-30,2017-02-06
886,Robert,Pope,Non-binary,HR,HR Manager,Bangalore,1995-01-19,2017-04-17
887,Ashley,Goodman,Male,Engineering,Senior Engineer,Mumbai,1972-08-23,2022-05-25
888,Joel,Fowler,Non-binary,HR,HR Manager,Noida,2000-03-22,2022-11-20
889,Danny,Fitzgerald,Female,Product,Product Manager,Pune,1996-04-13,2021-11-27
890,Aaron,Murphy,Male,Support,Support Engineer,Bangalore,1975-11-22,2024-01-28
891,Andrew,Henderson,Non-binary,Sales,Sales Manager,Noida,1965-04-15,2015-08-05
892,Jessica,Evans,Male,Sales,Sales Manager,Chennai,1992-03-02,2015-10-20
893,Rickey,Roberts,Non-binary,Engineering,Software Engineer,Hyderabad,2003-01-05,2015-08-19
894,Samuel,Lloyd,Male,Finance,Accountant,Pune,1967-09-04,2023-11-26
895,Michael,Kirby,Non-binary,Support,Support Lead,Pune,1994-07-12,2018-05-20
896,William,Graves,Male,HR,HR Executive,Hyderabad,1994-08-30,2021-03-14
897,Courtney,Johnson,Male,Finance,Accountant,Bangalore,1988-09-21,2020-01-21
898,Michael,Jones,Non-binary,Finance,Finance Manager,Hyderabad,1994-10-12,2016-01-20
899,Megan,Williams,Male,Marketing,SEO Specialist,Hyderabad,1975-09-07,2020-10-15
900,Darius,Fisher,Non-binary,Engineering,Senior Engineer,Mumbai,2000-06-29,2021-04-19
901,John,Conley,Non-binary,Support,Support Lead,Pune,1984-01-02,2017-01-07
902,Dorothy,Smith,Non-binary,Product,Business Analyst,Bangalore,1989-03-30,2024-03-13
903,James,Murphy,Non-binary,Sales,Sales Manager,Pune,1992-10-18,2015-04-03
904,Jason,Hart,Male,HR,HR Executive,Noida,1992-11-14,2023-07-02
905,Amanda,Edwards,Male,Product,Product Manager,Mumbai,1989-09-26,2017-12-18
906,Jason,Gray,Non-binary,Sales,Account Manager,Noida,1983-11-27,2020-06-18
907,Matthew,Payne,Non-binary,HR,HR Executive,Pune,1966-03-30,2017-05-10
908,Jerry,Williams,Male,Finance,Finance Manager,Pune,1975-04-15,2023-12-09
909,James,Odom,Male,Finance,Finance Manager,Chennai,1984-12-17,2020-03-11
910,Monique,Hood,Non-binary,Sales,Account Manager,Chennai,1969-02-19,2021-09-24
911,Zachary,Johnson,Male,Marketing,Marketing Executive,Bangalore,1988-07-21,2023-01-10
912,Susan,Oliver,Non-binary,Engineering,Software Engineer,Chennai,1970-12-01,2021-07-15
913,Shawn,Long,Non-binary,HR,HR Manager,Bangalore,1986-11-26,2024-05-05
914,Cody,Smith,Non-binary,Finance,Accountant,Noida,1987-01-27,2018-03-25
915,Amanda,Tucker,Non-binary,Marketing,SEO Specialist,Chennai,1992-03-27,2019-12-28
916,Timothy,Williams,Female,Product,Product Manager,Noida,1980-11-10,2020-05-14
917,Whitney,Burns,Female,Finance,Finance Manager,Pune,1974-03-29,2019-01-21
918,Joel,Jackson,Female,Finance,Accountant,Pune,1974-01-19,2023-12-11
919,Patrick,Morales,Non-binary,Support,Support Lead,Bangalore,1991-03-11,2024-12-13
920,Melissa,Wright,Female,Marketing,SEO Specialist,Bangalore,1979-08-21,2021-01-10
921,Shelly,Becker,Non-binary,HR,HR Executive,Hyderabad,1992-02-19,2023-06-09
922,Nicole,Chapman,Female,Finance,Finance Manager,Pune,1992-09-13,2018-07-17
923,Sheila,Jones,Male,Finance,Accountant,Chennai,1968-05-20,2021-01-17
924,Sandra,Martin,Non-binary,HR,HR Executive,Noida,1980-03-29,2021-08-23
925,Cheryl,Rivera,Female,Support,Support Engineer,Chennai,1978-08-13,2015-10-30
926,Jacqueline,Jackson,Non-binary,Marketing,SEO Specialist,Chennai,1991-09-23,2018-12-08
927,April,Atkinson,Non-binary,Marketing,SEO Specialist,Hyderabad,1994-08-05,2023-11-23
928,Tyler,Reed,Male,Marketing,SEO Specialist,Bangalore,1998-12-08,2020-06-26
929,Tammy,Morris,Male,Support,Support Lead,Pune,1980-06-13,2020-10-10
930,Raymond,Jones,Female,Product,Business Analyst,Mumbai,1999-08-11,2017-06-06
931,Jamie,Figueroa,Male,HR,HR Executive,Noida,1969-08-13,2015-03-31
932,Kenneth,Smith,Non-binary,Support,Support Engineer,Noida,2000-05-13,2015-02-20
933,Jennifer,Torres,Male,Marketing,Marketing Executive,Bangalore,1985-10-14,2015-10-21
934,Stephen,Rivera,Female,Engineering,DevOps,Mumbai,2001-04-09,2016-11-14
935,Betty,Austin,Female,Sales,Sales Manager,Bangalore,1994-01-14,2023-11-19
936,Emily,Davis,Non-binary,Marketing,Marketing Executive,Pune,1998-05-09,2015-02-14
937,Jeremy,Ortiz,Non-binary,HR,HR Executive,Noida,1988-08-04,2024-10-31
938,Jesse,Blackburn,Female,Marketing,Marketing Executive,Mumbai,1972-04-08,2019-10-10
939,Ashley,Brady,Male,Product,Product Manager,Hyderabad,1992-03-14,2024-06-22
940,Brandon,Anderson,Male,Support,Support Engineer,Hyderabad,1973-08-26,2021-01-16
941,Heather,Hunter,Non-binary,HR,HR Manager,Noida,1999-12-26,2016-08-09
942,Tony,Roberson,Male,Engineering,Senior Engineer,Noida,1996-01-02,2024-05-06
943,Jennifer,Brown,Female,Marketing,SEO Specialist,Chennai,1975-12-14,2019-07-21
944,Joshua,Rogers,Non-binary,Engineering,Software Engineer,Noida,1972-08-01,2024-06-15
945,Jeffrey,Austin,Female,HR,HR Executive,Noida,2000-03-27,2017-11-30
946,Trevor,Gillespie,Female,Marketing,SEO Specialist,Chennai,1985-09-28,2019-05-26
947,Raymond,Scott,Female,Support,Support Lead,Pune,1985-11-02,2015-06-14
948,Erik,Nolan,Female,Engineering,Software Engineer,Chennai,1993-04-23,2022-03-31
949,Brendan,Ford,Non-binary,Sales,Account Manager,Bangalore,1991-07-12,2021-05-26
950,Benjamin,Pearson,Female,Engineering,Tech Lead,Bangalore,1993-05-19,2022-03-30
951,Krista,Meyer,Male,Engineering,Software Engineer,Pune,1978-09-18,2023-08-18
952,Daniel,Johnson,Non-binary,HR,HR Manager,Hyderabad,1967-04-16,2021-05-04
953,Jamie,Torres,Female,Engineering,Senior Engineer,Chennai,1974-08-31,2017-10-02
954,Donna,Thomas,Male,Marketing,Marketing Executive,Pune,1964-12-29,2017-05-10
955,Anne,Griffin,Non-binary,Engineering,DevOps,Chennai,1969-10-08,2015-04-14
956,Misty,Campbell,Female,HR,HR Executive,Hyderabad,1994-02-13,2019-01-11
957,David,James,Non-binary,Engineering,Tech Lead,Noida,1972-03-14,2019-03-16
958,Chad,Johnson,Non-binary,Finance,Accountant,Hyderabad,2002-11-28,2020-05-17
959,Karen,Simpson,Male,Marketing,Marketing Executive,Noida,2000-03-08,2019-07-24
960,Keith,Reyes,Male,Marketing,SEO Specialist,Mumbai,1991-11-22,2021-10-08
961,Michelle,Hernandez,Non-binary,Product,Product Manager,Hyderabad,1987-10-09,2017-05-10
962,Marcus,Browning,Non-binary,Finance,Finance Manager,Noida,1980-04-28,2021-07-04
963,Kelli,Orr,Non-binary,Sales,Sales Executive,Chennai,1991-08-21,2024-08-17
964,Robert,Dillon,Female,Sales,Sales Manager,Hyderabad,1979-12-14,2021-02-06
965,Denise,Harrison,Male,Sales,Sales Executive,Mumbai,1992-12-05,2016-05-19
966,Maurice,Barnes,Male,Finance,Accountant,Hyderabad,1992-03-03,2024-12-18
967,Mark,Perkins,Male,Marketing,Marketing Executive,Chennai,1996-02-14,2015-02-16
968,Amanda,Alvarado,Non-binary,Product,Business Analyst,Noida,1984-10-18,2022-01-05
969,James,Perez,Male,Finance,Finance Manager,Pune,1989-01-19,2020-02-17
970,Alexander,Griffith,Female,Product,Business Analyst,Noida,1991-12-13,2021-10-20
971,Jason,Martinez,Non-binary,HR,HR Executive,Mumbai,1983-07-23,2023-02-19
972,Jasmine,Miller,Female,Support,Support Engineer,Noida,1987-03-11,2023-10-09
973,Jeremy,Morris,Male,Support,Support Engineer,Noida,2002-05-29,2021-02-22
974,Cody,Taylor,Female,Sales,Account Manager,Noida,1985-03-24,2021-11-28
975,Kara,Chan,Non-binary,Finance,Finance Manager,Noida,1983-10-27,2017-12-09
976,Adriana,Ballard,Male,Support,Support Lead,Pune,2002-07-03,2018-04-29
977,Brandi,Mills,Non-binary,Marketing,SEO Specialist,Noida,1980-03-13,2023-02-26
978,Beth,Brown,Female,HR,HR Manager,Noida,1979-05-14,2022-04-20
979,Leah,Gaines,Female,HR,HR Manager,Pune,2000-09-29,2015-01-06
980,Dennis,Hines,Female,Support,Support Engineer,Bangalore,1965-11-17,2017-08-06
981,Richard,Wilson,Non-binary,Sales,Sales Executive,Noida,1986-02-14,2018-09-24
982,Michael,Clark,Non-binary,Engineering,Software Engineer,Bangalore,1983-06-22,2017-07-03
983,Nicholas,Brown,Female,HR,HR Executive,Mumbai,1987-09-09,2019-08-22
984,Brandy,Clark,Male,Finance,Accountant,Mumbai,2002-04-15,2015-08-06
985,Brian,Miller,Female,Marketing,SEO Specialist,Chennai,1971-03-19,2020-12-07
986,Paul,Roberts,Female,Engineering,Senior Engineer,Chennai,1979-12-20,2020-09-29
987,William,Mcintyre,Female,HR,HR Executive,Pune,2000-09-30,2018-08-03
988,Joseph,Bender,Male,Marketing,Marketing Executive,Chennai,1990-12-27,2021-08-20
989,Sandra,Carey,Male,Marketing,Marketing Executive,Noida,1968-05-26,2015-04-06
990,Kevin,Wilson,Non-binary,HR,HR Executive,Noida,1994-06-07,2017-01-18
991,Patricia,Wheeler,Male,Support,Support Engineer,Noida,1977-04-15,2022-06-21
992,Jeffrey,Hernandez,Female,Engineering,Software Engineer,Noida,2002-10-18,2024-02-09
993,Kimberly,Maxwell,Non-binary,Product,Business Analyst,Hyderabad,2001-11-11,2019-03-15
994,Deborah,Frank,Female,HR,HR Manager,Pune,2001-11-27,2016-08-16
995,Matthew,Carter,Male,Sales,Sales Manager,Bangalore,1993-06-13,2018-06-21
996,Tammy,Garza,Non-binary,Engineering,Tech Lead,Chennai,1977-12-29,2018-06-09
997,Morgan,Williams,Female,HR,HR Manager,Chennai,1989-09-21,2017-11-04
998,Diane,Hensley,Non-binary,Sales,Account Manager,Mumbai,1980-04-23,2022-12-23
999,Richard,Wood,Male,Finance,Accountant,Bangalore,1968-07-19,2016-10-29
1000,Rhonda,Velazquez,Female,Sales,Account Manager,Noida,1992-11-28,2015-05-06
